id_pedido,data_pedido,cliente,produto,categoria,regiao,quantidade,preco_unitario,receita_bruta,desconto,receita_liquida
1,2025-11-19,Cliente_99,Notebook,Acessórios,Sudeste,3,1172.91,3518.73,0.22,2744.61
2,2025-04-17,Cliente_5,Monitor,Acessórios,Sudeste,3,2144.38,6433.14,0.12,5661.16
3,2025-04-24,Cliente_43,Monitor,Periféricos,Norte,2,2430.61,4861.22,0.12,4277.87
4,2025-08-13,Cliente_18,Teclado,Eletrônicos,Sul,4,3658.8,14635.2,0.07,13610.74
5,2025-04-07,Cliente_90,Teclado,Periféricos,Nordeste,2,2989.82,5979.64,0.05,5680.66
6,2025-01-03,Cliente_56,Mouse,Eletrônicos,Sudeste,3,464.45,1393.35,0.16,1170.41
7,2025-06-26,Cliente_9,Notebook,Periféricos,Centro-Oeste,4,2485.82,9943.28,0.18,8153.49
8,2025-06-30,Cliente_14,Notebook,Acessórios,Centro-Oeste,2,2115.19,4230.38,0.11,3765.04
9,2025-10-18,Cliente_17,Notebook,Eletrônicos,Sul,1,1503.88,1503.88,0.23,1157.99
10,2025-11-22,Cliente_74,Notebook,Acessórios,Centro-Oeste,3,2196.82,6590.46,0.05,6260.94
11,2025-10-06,Cliente_5,Monitor,Acessórios,Centro-Oeste,1,2157.86,2157.86,0.27,1575.24
12,2025-09-11,Cliente_62,Teclado,Acessórios,Norte,1,3482.35,3482.35,0.15,2960.0
13,2025-06-04,Cliente_73,Mouse,Periféricos,Norte,3,622.31,1866.93,0.15,1586.89
14,2025-12-26,Cliente_99,Teclado,Eletrônicos,Centro-Oeste,4,4338.23,17352.92,0.03,16832.33
15,2025-07-06,Cliente_88,Cadeira Gamer,Periféricos,Centro-Oeste,2,4928.52,9857.04,0.13,8575.62
16,2025-11-09,Cliente_63,Headset,Periféricos,Norte,3,647.11,1941.33,0.24,1475.41
17,2025-02-21,Cliente_48,Headset,Periféricos,Centro-Oeste,2,2748.09,5496.18,0.0,5496.18
18,2025-12-09,Cliente_93,Headset,Eletrônicos,Sul,4,3422.44,13689.76,0.08,12594.58
19,2025-04-14,Cliente_22,Notebook,Acessórios,Nordeste,4,3363.1,13452.4,0.25,10089.3
20,2025-09-01,Cliente_51,Teclado,Acessórios,Norte,3,3389.71,10169.13,0.05,9660.67
21,2025-01-15,Cliente_50,Notebook,Periféricos,Centro-Oeste,2,3830.23,7660.46,0.05,7277.44
22,2025-01-28,Cliente_25,Headset,Acessórios,Sudeste,2,1100.88,2201.76,0.27,1607.28
23,2025-12-22,Cliente_2,Headset,Eletrônicos,Nordeste,2,4599.33,9198.66,0.0,9198.66
24,2025-01-17,Cliente_69,Teclado,Eletrônicos,Centro-Oeste,2,1583.92,3167.84,0.05,3009.45
25,2025-09-29,Cliente_82,Headset,Periféricos,Sudeste,2,3830.99,7661.98,0.1,6895.78
26,2025-09-14,Cliente_70,Teclado,Acessórios,Sul,2,4553.36,9106.72,0.12,8013.91
27,2025-12-16,Cliente_69,Monitor,Eletrônicos,Sul,2,3571.39,7142.78,0.01,7071.35
28,2025-11-20,Cliente_6,Monitor,Acessórios,Centro-Oeste,4,2021.02,8084.08,0.17,6709.79
29,2025-05-22,Cliente_25,Notebook,Eletrônicos,Centro-Oeste,4,3208.21,12832.84,0.18,10522.93
30,2025-04-30,Cliente_88,Notebook,Acessórios,Nordeste,2,4381.5,8763.0,0.12,7711.44
31,2025-09-08,Cliente_1,Teclado,Acessórios,Centro-Oeste,2,1750.11,3500.22,0.01,3465.22
32,2025-07-26,Cliente_66,Notebook,Periféricos,Sudeste,3,574.25,1722.75,0.27,1257.61
33,2025-03-18,Cliente_11,Teclado,Periféricos,Sudeste,3,4240.21,12720.63,0.25,9540.47
34,2025-05-16,Cliente_49,Monitor,Eletrônicos,Norte,4,1954.95,7819.8,0.24,5943.05
35,2025-06-19,Cliente_4,Notebook,Periféricos,Centro-Oeste,4,896.86,3587.44,0.02,3515.69
36,2025-01-04,Cliente_5,Teclado,Acessórios,Centro-Oeste,3,2784.23,8352.69,0.17,6932.73
37,2025-04-08,Cliente_45,Headset,Acessórios,Centro-Oeste,3,63.31,189.93,0.2,151.94
38,2025-02-15,Cliente_54,Notebook,Periféricos,Sul,3,1077.8,3233.4,0.13,2813.06
39,2025-03-15,Cliente_48,Notebook,Periféricos,Sul,4,4918.97,19675.88,0.21,15543.95
40,2025-04-03,Cliente_81,Cadeira Gamer,Eletrônicos,Sudeste,3,4044.49,12133.47,0.19,9828.11
41,2025-05-03,Cliente_69,Notebook,Periféricos,Centro-Oeste,4,847.29,3389.16,0.3,2372.41
42,2025-04-21,Cliente_100,Teclado,Eletrônicos,Nordeste,4,4139.72,16558.88,0.13,14406.23
43,2025-11-09,Cliente_69,Monitor,Acessórios,Sul,1,2761.43,2761.43,0.01,2733.82
44,2025-04-23,Cliente_81,Teclado,Periféricos,Sudeste,2,4641.54,9283.08,0.02,9097.42
45,2025-06-11,Cliente_56,Mouse,Periféricos,Centro-Oeste,2,3779.95,7559.9,0.15,6425.91
46,2025-01-29,Cliente_59,Notebook,Periféricos,Sul,1,3558.05,3558.05,0.11,3166.66
47,2025-09-17,Cliente_58,Cadeira Gamer,Eletrônicos,Nordeste,4,3915.94,15663.76,0.21,12374.37
48,2025-11-02,Cliente_39,Cadeira Gamer,Periféricos,Centro-Oeste,2,3343.04,6686.08,0.06,6284.92
49,2025-07-14,Cliente_67,Monitor,Eletrônicos,Sul,1,4444.89,4444.89,0.12,3911.5
50,2025-10-09,Cliente_72,Teclado,Periféricos,Norte,4,2219.16,8876.64,0.18,7278.84
51,2025-12-22,Cliente_14,Mouse,Acessórios,Norte,3,4412.67,13238.01,0.24,10060.89
52,2025-05-18,Cliente_29,Headset,Periféricos,Nordeste,1,4641.5,4641.5,0.05,4409.43
53,2025-08-21,Cliente_35,Headset,Acessórios,Sudeste,3,3770.64,11311.92,0.21,8936.42
54,2025-04-03,Cliente_42,Headset,Eletrônicos,Sul,2,4116.45,8232.9,0.28,5927.69
55,2025-04-19,Cliente_65,Teclado,Acessórios,Sudeste,2,454.81,909.62,0.21,718.6
56,2025-01-15,Cliente_26,Notebook,Eletrônicos,Norte,3,2150.32,6450.96,0.13,5612.34
57,2025-03-22,Cliente_73,Notebook,Eletrônicos,Nordeste,1,1046.93,1046.93,0.11,931.77
58,2025-05-08,Cliente_41,Mouse,Eletrônicos,Norte,1,86.76,86.76,0.14,74.61
59,2025-08-07,Cliente_69,Notebook,Acessórios,Norte,2,2931.77,5863.54,0.09,5335.82
60,2025-12-21,Cliente_62,Mouse,Periféricos,Sul,4,3469.15,13876.6,0.01,13737.83
61,2025-02-28,Cliente_100,Monitor,Periféricos,Centro-Oeste,1,209.38,209.38,0.12,184.25
62,2025-06-23,Cliente_63,Notebook,Acessórios,Norte,2,652.68,1305.36,0.03,1266.2
63,2025-10-19,Cliente_65,Teclado,Acessórios,Sul,3,4980.63,14941.89,0.15,12700.61
64,2025-12-10,Cliente_77,Mouse,Periféricos,Sudeste,3,558.04,1674.12,0.15,1423.0
65,2025-01-20,Cliente_90,Headset,Acessórios,Nordeste,2,293.03,586.06,0.06,550.9
66,2025-06-13,Cliente_47,Headset,Eletrônicos,Sudeste,2,2158.05,4316.1,0.2,3452.88
67,2025-03-23,Cliente_41,Monitor,Acessórios,Centro-Oeste,3,3034.6,9103.8,0.25,6827.85
68,2025-06-08,Cliente_44,Teclado,Eletrônicos,Centro-Oeste,4,2701.35,10805.4,0.3,7563.78
69,2025-02-08,Cliente_8,Mouse,Eletrônicos,Centro-Oeste,3,903.1,2709.3,0.28,1950.7
70,2025-04-24,Cliente_34,Monitor,Acessórios,Norte,3,3144.86,9434.58,0.15,8019.39
71,2025-03-04,Cliente_48,Mouse,Periféricos,Centro-Oeste,2,284.33,568.66,0.04,545.91
72,2025-03-23,Cliente_34,Notebook,Acessórios,Sudeste,4,1229.34,4917.36,0.09,4474.8
73,2025-12-23,Cliente_8,Headset,Periféricos,Nordeste,2,263.95,527.9,0.1,475.11
74,2025-08-13,Cliente_50,Monitor,Eletrônicos,Norte,4,2664.62,10658.48,0.0,10658.48
75,2025-05-07,Cliente_74,Teclado,Eletrônicos,Centro-Oeste,3,3933.79,11801.37,0.11,10503.22
76,2025-02-22,Cliente_83,Cadeira Gamer,Acessórios,Sul,3,949.97,2849.91,0.29,2023.44
77,2025-01-15,Cliente_73,Monitor,Acessórios,Centro-Oeste,3,1602.04,4806.12,0.24,3652.65
78,2025-06-10,Cliente_89,Headset,Acessórios,Sul,2,1278.44,2556.88,0.21,2019.94
79,2025-09-17,Cliente_36,Monitor,Periféricos,Norte,4,4491.66,17966.64,0.29,12756.31
80,2025-04-17,Cliente_16,Teclado,Eletrônicos,Sul,4,4334.03,17336.12,0.27,12655.37
81,2025-07-07,Cliente_94,Notebook,Acessórios,Centro-Oeste,3,2535.25,7605.75,0.17,6312.77
82,2025-03-19,Cliente_6,Mouse,Acessórios,Norte,1,1220.49,1220.49,0.1,1098.44
83,2025-11-18,Cliente_42,Monitor,Periféricos,Sul,2,571.96,1143.92,0.19,926.58
84,2025-09-13,Cliente_5,Teclado,Eletrônicos,Norte,1,3735.92,3735.92,0.11,3324.97
85,2025-03-31,Cliente_100,Monitor,Periféricos,Norte,2,4913.03,9826.06,0.16,8253.89
86,2025-07-04,Cliente_2,Teclado,Periféricos,Norte,1,2767.26,2767.26,0.09,2518.21
87,2025-01-29,Cliente_30,Teclado,Periféricos,Centro-Oeste,1,4198.5,4198.5,0.0,4198.5
88,2025-04-06,Cliente_37,Cadeira Gamer,Eletrônicos,Nordeste,4,2411.15,9644.6,0.01,9548.15
89,2025-06-25,Cliente_55,Mouse,Acessórios,Nordeste,3,1363.52,4090.56,0.26,3027.01
90,2025-12-19,Cliente_64,Notebook,Periféricos,Sudeste,1,1797.31,1797.31,0.13,1563.66
91,2025-01-04,Cliente_6,Cadeira Gamer,Eletrônicos,Sul,2,3511.93,7023.86,0.28,5057.18
92,2025-08-07,Cliente_98,Teclado,Periféricos,Sul,2,4990.0,9980.0,0.25,7485.0
93,2025-07-21,Cliente_39,Cadeira Gamer,Periféricos,Sul,3,773.38,2320.14,0.18,1902.51
94,2025-02-19,Cliente_37,Monitor,Acessórios,Sul,1,2720.28,2720.28,0.0,2720.28
95,2025-08-22,Cliente_57,Headset,Eletrônicos,Sudeste,3,4381.87,13145.61,0.11,11699.59
96,2025-03-13,Cliente_36,Headset,Periféricos,Norte,1,3159.99,3159.99,0.17,2622.79
97,2025-10-10,Cliente_82,Mouse,Periféricos,Sudeste,2,1269.66,2539.32,0.13,2209.21
98,2025-07-27,Cliente_15,Monitor,Acessórios,Centro-Oeste,1,221.0,221.0,0.18,181.22
99,2025-07-28,Cliente_98,Notebook,Periféricos,Centro-Oeste,1,4451.53,4451.53,0.15,3783.8
100,2025-06-29,Cliente_46,Cadeira Gamer,Acessórios,Norte,2,1687.0,3374.0,0.28,2429.28
101,2025-01-30,Cliente_25,Mouse,Acessórios,Sul,4,516.89,2067.56,0.12,1819.45
102,2025-02-02,Cliente_32,Mouse,Eletrônicos,Sudeste,2,2725.66,5451.32,0.01,5396.81
103,2025-04-22,Cliente_4,Mouse,Eletrônicos,Centro-Oeste,4,244.06,976.24,0.27,712.66
104,2025-04-24,Cliente_71,Notebook,Acessórios,Nordeste,2,2918.51,5837.02,0.1,5253.32
105,2025-01-24,Cliente_94,Notebook,Eletrônicos,Sul,4,4561.38,18245.52,0.23,14049.05
106,2025-01-20,Cliente_24,Monitor,Periféricos,Nordeste,3,564.76,1694.28,0.27,1236.82
107,2025-11-08,Cliente_86,Teclado,Eletrônicos,Nordeste,1,3191.46,3191.46,0.14,2744.66
108,2025-09-06,Cliente_66,Cadeira Gamer,Acessórios,Sul,4,2121.77,8487.08,0.26,6280.44
109,2025-07-11,Cliente_20,Notebook,Periféricos,Nordeste,3,3702.86,11108.58,0.29,7887.09
110,2025-09-17,Cliente_29,Monitor,Eletrônicos,Centro-Oeste,2,4186.54,8373.08,0.04,8038.16
111,2025-10-18,Cliente_51,Headset,Periféricos,Centro-Oeste,3,3735.45,11206.35,0.03,10870.16
112,2025-10-25,Cliente_10,Headset,Eletrônicos,Centro-Oeste,4,1852.73,7410.92,0.2,5928.74
113,2025-02-15,Cliente_18,Monitor,Eletrônicos,Nordeste,4,3400.68,13602.72,0.15,11562.31
114,2025-07-21,Cliente_17,Monitor,Periféricos,Sudeste,2,2924.0,5848.0,0.1,5263.2
115,2025-01-09,Cliente_71,Notebook,Acessórios,Nordeste,2,3627.37,7254.74,0.27,5295.96
116,2025-10-06,Cliente_67,Headset,Eletrônicos,Centro-Oeste,3,650.84,1952.52,0.22,1522.97
117,2025-08-03,Cliente_28,Teclado,Acessórios,Nordeste,3,2252.68,6758.04,0.25,5068.53
118,2025-04-12,Cliente_66,Monitor,Eletrônicos,Sudeste,2,4351.09,8702.18,0.07,8093.03
119,2025-09-20,Cliente_95,Notebook,Periféricos,Nordeste,3,936.71,2810.13,0.2,2248.1
120,2025-03-26,Cliente_50,Notebook,Periféricos,Sul,4,2185.86,8743.44,0.06,8218.83
121,2025-08-01,Cliente_61,Mouse,Acessórios,Sul,2,2087.71,4175.42,0.2,3340.34
122,2025-10-24,Cliente_12,Mouse,Eletrônicos,Sul,4,629.3,2517.2,0.1,2265.48
123,2025-07-01,Cliente_19,Teclado,Eletrônicos,Sudeste,1,689.05,689.05,0.08,633.93
124,2025-06-03,Cliente_26,Mouse,Acessórios,Centro-Oeste,1,3724.81,3724.81,0.13,3240.58
125,2025-01-07,Cliente_8,Cadeira Gamer,Acessórios,Sudeste,1,4236.47,4236.47,0.05,4024.65
126,2025-06-10,Cliente_90,Mouse,Eletrônicos,Centro-Oeste,1,2444.44,2444.44,0.27,1784.44
127,2025-06-24,Cliente_46,Notebook,Eletrônicos,Sudeste,1,2644.43,2644.43,0.15,2247.77
128,2025-07-03,Cliente_31,Monitor,Eletrônicos,Sul,3,2926.89,8780.67,0.01,8692.86
129,2025-11-22,Cliente_12,Monitor,Acessórios,Sul,3,2355.89,7067.67,0.19,5724.81
130,2025-09-11,Cliente_42,Cadeira Gamer,Eletrônicos,Nordeste,4,875.53,3502.12,0.06,3291.99
131,2025-11-21,Cliente_30,Cadeira Gamer,Acessórios,Nordeste,3,4630.83,13892.49,0.26,10280.44
132,2025-07-18,Cliente_9,Notebook,Eletrônicos,Norte,4,2446.9,9787.6,0.29,6949.2
133,2025-12-04,Cliente_31,Notebook,Eletrônicos,Nordeste,4,3416.78,13667.12,0.29,9703.66
134,2025-07-01,Cliente_78,Mouse,Periféricos,Sudeste,3,491.05,1473.15,0.2,1178.52
135,2025-12-17,Cliente_54,Cadeira Gamer,Periféricos,Nordeste,4,3277.68,13110.72,0.02,12848.51
136,2025-02-08,Cliente_81,Headset,Acessórios,Nordeste,2,722.46,1444.92,0.06,1358.22
137,2025-08-22,Cliente_78,Mouse,Acessórios,Sudeste,1,559.26,559.26,0.25,419.44
138,2025-04-04,Cliente_89,Teclado,Acessórios,Nordeste,4,2146.41,8585.64,0.28,6181.66
139,2025-08-20,Cliente_98,Notebook,Acessórios,Norte,2,538.64,1077.28,0.28,775.64
140,2025-03-06,Cliente_11,Notebook,Periféricos,Nordeste,4,3795.86,15183.44,0.16,12754.09
141,2025-02-16,Cliente_79,Monitor,Periféricos,Sul,4,4942.74,19770.96,0.25,14828.22
142,2025-05-13,Cliente_94,Teclado,Acessórios,Sudeste,2,2467.74,4935.48,0.28,3553.55
143,2025-08-21,Cliente_26,Headset,Periféricos,Norte,3,360.24,1080.72,0.01,1069.91
144,2025-08-30,Cliente_25,Monitor,Periféricos,Sudeste,3,4554.8,13664.4,0.14,11751.38
145,2025-10-28,Cliente_55,Mouse,Periféricos,Nordeste,1,3067.84,3067.84,0.26,2270.2
146,2025-05-04,Cliente_70,Monitor,Acessórios,Norte,3,1272.09,3816.27,0.23,2938.53
147,2025-09-05,Cliente_34,Mouse,Acessórios,Sudeste,1,869.52,869.52,0.3,608.66
148,2025-04-20,Cliente_100,Cadeira Gamer,Eletrônicos,Sul,4,1423.25,5693.0,0.27,4155.89
149,2025-03-05,Cliente_13,Mouse,Acessórios,Sul,1,3246.82,3246.82,0.11,2889.67
150,2025-08-26,Cliente_13,Mouse,Periféricos,Norte,1,1688.63,1688.63,0.19,1367.79
151,2025-07-19,Cliente_47,Teclado,Eletrônicos,Sudeste,2,4579.7,9159.4,0.02,8976.21
152,2025-10-17,Cliente_17,Notebook,Acessórios,Nordeste,3,2856.15,8568.45,0.09,7797.29
153,2025-12-09,Cliente_80,Teclado,Acessórios,Sudeste,1,3089.48,3089.48,0.18,2533.37
154,2025-01-02,Cliente_16,Teclado,Periféricos,Norte,4,61.31,245.24,0.0,245.24
155,2025-12-20,Cliente_43,Cadeira Gamer,Periféricos,Sudeste,3,1705.28,5115.84,0.28,3683.4
156,2025-07-31,Cliente_57,Teclado,Periféricos,Nordeste,2,2868.33,5736.66,0.06,5392.46
157,2025-03-05,Cliente_15,Mouse,Eletrônicos,Sudeste,4,574.87,2299.48,0.04,2207.5
158,2025-03-19,Cliente_50,Headset,Eletrônicos,Centro-Oeste,4,4078.73,16314.92,0.13,14193.98
159,2025-12-22,Cliente_17,Teclado,Periféricos,Sul,4,3917.26,15669.04,0.16,13161.99
160,2025-01-15,Cliente_27,Monitor,Eletrônicos,Centro-Oeste,4,2078.56,8314.24,0.28,5986.25
161,2025-01-15,Cliente_17,Mouse,Eletrônicos,Centro-Oeste,3,4212.41,12637.23,0.18,10362.53
162,2025-03-11,Cliente_35,Notebook,Eletrônicos,Norte,4,3876.03,15504.12,0.12,13643.63
163,2025-03-01,Cliente_40,Monitor,Eletrônicos,Centro-Oeste,2,3105.07,6210.14,0.07,5775.43
164,2025-12-24,Cliente_73,Notebook,Eletrônicos,Sudeste,4,539.31,2157.24,0.03,2092.52
165,2025-08-25,Cliente_7,Monitor,Acessórios,Norte,1,781.23,781.23,0.27,570.3
166,2025-03-29,Cliente_92,Cadeira Gamer,Periféricos,Norte,2,2638.32,5276.64,0.27,3851.95
167,2025-05-20,Cliente_77,Mouse,Acessórios,Nordeste,3,3099.23,9297.69,0.27,6787.31
168,2025-09-30,Cliente_3,Headset,Periféricos,Nordeste,4,1922.93,7691.72,0.21,6076.46
169,2025-12-27,Cliente_37,Cadeira Gamer,Eletrônicos,Nordeste,4,203.0,812.0,0.07,755.16
170,2025-03-21,Cliente_64,Mouse,Acessórios,Sul,1,3598.18,3598.18,0.29,2554.71
171,2025-03-20,Cliente_20,Notebook,Acessórios,Sudeste,3,3158.21,9474.63,0.06,8906.15
172,2025-02-23,Cliente_71,Mouse,Periféricos,Sudeste,4,4316.46,17265.84,0.17,14330.65
173,2025-05-24,Cliente_75,Mouse,Eletrônicos,Centro-Oeste,3,2576.36,7729.08,0.12,6801.59
174,2025-06-01,Cliente_92,Mouse,Acessórios,Norte,4,4094.64,16378.56,0.11,14576.92
175,2025-08-12,Cliente_47,Monitor,Periféricos,Norte,4,1959.43,7837.72,0.06,7367.46
176,2025-11-17,Cliente_57,Notebook,Eletrônicos,Sudeste,3,235.09,705.27,0.11,627.69
177,2025-01-30,Cliente_90,Notebook,Periféricos,Nordeste,4,4385.07,17540.28,0.25,13155.21
178,2025-05-04,Cliente_20,Notebook,Eletrônicos,Sudeste,1,3920.7,3920.7,0.15,3332.59
179,2025-10-13,Cliente_92,Cadeira Gamer,Periféricos,Sudeste,1,4369.69,4369.69,0.29,3102.48
180,2025-08-20,Cliente_79,Notebook,Acessórios,Centro-Oeste,3,4425.82,13277.46,0.23,10223.64
181,2025-02-25,Cliente_83,Monitor,Acessórios,Sul,3,714.28,2142.84,0.21,1692.84
182,2025-03-08,Cliente_85,Cadeira Gamer,Acessórios,Centro-Oeste,2,4043.63,8087.26,0.18,6631.55
183,2025-11-21,Cliente_6,Cadeira Gamer,Eletrônicos,Sudeste,1,160.66,160.66,0.01,159.05
184,2025-08-16,Cliente_91,Mouse,Eletrônicos,Sul,4,3719.04,14876.16,0.07,13834.83
185,2025-02-19,Cliente_47,Cadeira Gamer,Periféricos,Nordeste,1,4645.17,4645.17,0.12,4087.75
186,2025-01-24,Cliente_37,Headset,Acessórios,Nordeste,2,3007.8,6015.6,0.13,5233.57
187,2025-04-13,Cliente_68,Monitor,Eletrônicos,Norte,4,2769.59,11078.36,0.13,9638.17
188,2025-09-26,Cliente_1,Cadeira Gamer,Periféricos,Sudeste,2,3521.73,7043.46,0.03,6832.16
189,2025-07-25,Cliente_67,Headset,Periféricos,Sul,3,4389.69,13169.07,0.04,12642.31
190,2025-08-30,Cliente_13,Headset,Periféricos,Norte,4,2313.05,9252.2,0.11,8234.46
191,2025-12-30,Cliente_81,Monitor,Periféricos,Sul,3,564.23,1692.69,0.17,1404.93
192,2025-08-08,Cliente_48,Headset,Acessórios,Sudeste,1,4838.81,4838.81,0.28,3483.94
193,2025-06-19,Cliente_83,Teclado,Acessórios,Nordeste,4,1527.97,6111.88,0.29,4339.43
194,2025-11-12,Cliente_98,Cadeira Gamer,Acessórios,Norte,3,851.9,2555.7,0.13,2223.46
195,2025-10-28,Cliente_26,Headset,Periféricos,Nordeste,4,2722.89,10891.56,0.04,10455.9
196,2025-08-01,Cliente_7,Mouse,Eletrônicos,Nordeste,1,1987.02,1987.02,0.17,1649.23
197,2025-04-25,Cliente_48,Headset,Eletrônicos,Centro-Oeste,3,1668.49,5005.47,0.2,4004.38
198,2025-10-11,Cliente_14,Monitor,Periféricos,Sul,1,1353.24,1353.24,0.17,1123.19
199,2025-05-11,Cliente_30,Cadeira Gamer,Periféricos,Sudeste,2,2332.63,4665.26,0.13,4058.78
200,2025-04-10,Cliente_65,Headset,Acessórios,Sul,4,1798.8,7195.2,0.06,6763.49
201,2025-02-10,Cliente_98,Cadeira Gamer,Periféricos,Sudeste,3,1143.6,3430.8,0.28,2470.18
202,2025-04-01,Cliente_81,Monitor,Periféricos,Sul,4,4464.75,17859.0,0.07,16608.87
203,2025-10-09,Cliente_41,Headset,Acessórios,Nordeste,4,4383.53,17534.12,0.13,15254.68
204,2025-05-05,Cliente_98,Headset,Periféricos,Centro-Oeste,1,1407.41,1407.41,0.18,1154.08
205,2025-01-09,Cliente_87,Cadeira Gamer,Acessórios,Nordeste,4,4765.38,19061.52,0.28,13724.29
206,2025-08-31,Cliente_14,Monitor,Eletrônicos,Sul,3,1074.9,3224.7,0.21,2547.51
207,2025-05-06,Cliente_89,Cadeira Gamer,Periféricos,Sudeste,1,4061.06,4061.06,0.25,3045.8
208,2025-04-23,Cliente_48,Headset,Periféricos,Sul,3,3551.63,10654.89,0.18,8737.01
209,2025-11-23,Cliente_84,Notebook,Eletrônicos,Sul,2,2251.54,4503.08,0.18,3692.53
210,2025-06-07,Cliente_96,Mouse,Periféricos,Centro-Oeste,2,3835.05,7670.1,0.04,7363.3
211,2025-12-29,Cliente_66,Mouse,Periféricos,Sul,4,3910.97,15643.88,0.1,14079.49
212,2025-09-25,Cliente_65,Cadeira Gamer,Eletrônicos,Centro-Oeste,3,1789.17,5367.51,0.11,4777.08
213,2025-05-25,Cliente_20,Cadeira Gamer,Eletrônicos,Centro-Oeste,4,3559.9,14239.6,0.25,10679.7
214,2025-01-07,Cliente_82,Teclado,Acessórios,Norte,4,1738.3,6953.2,0.14,5979.75
215,2025-01-05,Cliente_55,Monitor,Eletrônicos,Sudeste,3,4720.89,14162.67,0.12,12463.15
216,2025-10-27,Cliente_41,Cadeira Gamer,Acessórios,Centro-Oeste,1,2330.33,2330.33,0.1,2097.3
217,2025-01-18,Cliente_54,Notebook,Periféricos,Centro-Oeste,3,2284.78,6854.34,0.26,5072.21
218,2025-07-13,Cliente_57,Cadeira Gamer,Eletrônicos,Nordeste,1,1138.19,1138.19,0.16,956.08
219,2025-07-03,Cliente_5,Monitor,Eletrônicos,Sudeste,1,4728.92,4728.92,0.27,3452.11
220,2025-10-24,Cliente_42,Cadeira Gamer,Acessórios,Nordeste,4,124.33,497.32,0.2,397.86
221,2025-10-15,Cliente_89,Mouse,Periféricos,Norte,4,718.83,2875.32,0.15,2444.02
222,2025-07-18,Cliente_94,Cadeira Gamer,Periféricos,Centro-Oeste,1,2993.49,2993.49,0.06,2813.88
223,2025-12-29,Cliente_86,Headset,Periféricos,Nordeste,3,904.43,2713.29,0.21,2143.5
224,2025-10-17,Cliente_17,Mouse,Eletrônicos,Sul,1,265.67,265.67,0.17,220.51
225,2025-02-09,Cliente_87,Cadeira Gamer,Acessórios,Sul,1,2774.69,2774.69,0.24,2108.76
226,2025-04-25,Cliente_45,Monitor,Acessórios,Sudeste,1,724.23,724.23,0.2,579.38
227,2025-12-27,Cliente_46,Cadeira Gamer,Eletrônicos,Nordeste,1,1712.4,1712.4,0.29,1215.8
228,2025-09-30,Cliente_45,Headset,Acessórios,Sudeste,3,396.41,1189.23,0.08,1094.09
229,2025-07-21,Cliente_72,Mouse,Eletrônicos,Sudeste,3,1261.07,3783.21,0.28,2723.91
230,2025-09-03,Cliente_77,Mouse,Periféricos,Sudeste,4,4439.06,17756.24,0.05,16868.43
231,2025-12-29,Cliente_52,Monitor,Periféricos,Centro-Oeste,1,1296.3,1296.3,0.25,972.22
232,2025-07-07,Cliente_25,Cadeira Gamer,Acessórios,Sudeste,3,3112.87,9338.61,0.0,9338.61
233,2025-04-16,Cliente_43,Mouse,Acessórios,Sul,1,1739.91,1739.91,0.27,1270.13
234,2025-04-01,Cliente_15,Cadeira Gamer,Acessórios,Centro-Oeste,3,1009.48,3028.44,0.07,2816.45
235,2025-04-06,Cliente_66,Monitor,Eletrônicos,Nordeste,3,775.61,2326.83,0.2,1861.46
236,2025-02-10,Cliente_33,Monitor,Eletrônicos,Sul,1,4015.11,4015.11,0.03,3894.66
237,2025-01-18,Cliente_48,Notebook,Periféricos,Sudeste,4,4208.02,16832.08,0.25,12624.06
238,2025-07-14,Cliente_9,Mouse,Eletrônicos,Sudeste,1,3143.57,3143.57,0.2,2514.86
239,2025-07-27,Cliente_94,Monitor,Periféricos,Centro-Oeste,4,3789.6,15158.4,0.16,12733.06
240,2025-07-20,Cliente_54,Monitor,Acessórios,Sudeste,4,4525.37,18101.48,0.16,15205.24
241,2025-08-24,Cliente_65,Notebook,Eletrônicos,Nordeste,2,4685.54,9371.08,0.3,6559.76
242,2025-03-31,Cliente_48,Monitor,Acessórios,Nordeste,2,4146.89,8293.78,0.29,5888.58
243,2025-10-13,Cliente_78,Teclado,Eletrônicos,Nordeste,4,680.57,2722.28,0.05,2586.17
244,2025-12-26,Cliente_57,Mouse,Eletrônicos,Sudeste,2,4501.99,9003.98,0.02,8823.9
245,2025-01-12,Cliente_5,Monitor,Periféricos,Nordeste,3,310.27,930.81,0.23,716.72
246,2025-11-02,Cliente_90,Mouse,Acessórios,Nordeste,3,80.78,242.34,0.05,230.22
247,2025-05-18,Cliente_78,Teclado,Eletrônicos,Nordeste,3,1268.9,3806.7,0.06,3578.3
248,2025-08-18,Cliente_69,Monitor,Acessórios,Sul,2,2456.25,4912.5,0.11,4372.12
249,2025-08-05,Cliente_20,Notebook,Periféricos,Centro-Oeste,2,2746.58,5493.16,0.18,4504.39
250,2025-05-29,Cliente_90,Mouse,Acessórios,Sul,1,1587.02,1587.02,0.21,1253.75
251,2025-06-30,Cliente_40,Monitor,Periféricos,Sul,3,120.01,360.03,0.25,270.02
252,2025-05-02,Cliente_62,Mouse,Eletrônicos,Centro-Oeste,4,2775.12,11100.48,0.11,9879.43
253,2025-12-11,Cliente_60,Teclado,Acessórios,Centro-Oeste,1,1946.81,1946.81,0.01,1927.34
254,2025-08-29,Cliente_11,Teclado,Acessórios,Nordeste,3,4546.38,13639.14,0.29,9683.79
255,2025-11-25,Cliente_13,Cadeira Gamer,Acessórios,Centro-Oeste,1,2189.79,2189.79,0.07,2036.5
256,2025-03-09,Cliente_73,Headset,Acessórios,Centro-Oeste,1,4151.21,4151.21,0.13,3611.55
257,2025-05-09,Cliente_17,Headset,Periféricos,Norte,3,3284.4,9853.2,0.29,6995.77
258,2025-05-17,Cliente_90,Mouse,Eletrônicos,Sul,3,3725.18,11175.54,0.02,10952.03
259,2025-05-30,Cliente_87,Monitor,Periféricos,Centro-Oeste,1,157.81,157.81,0.28,113.62
260,2025-11-14,Cliente_31,Headset,Acessórios,Norte,4,1924.82,7699.28,0.1,6929.35
261,2025-10-31,Cliente_31,Teclado,Eletrônicos,Norte,4,1286.24,5144.96,0.0,5144.96
262,2025-11-03,Cliente_75,Cadeira Gamer,Acessórios,Sudeste,4,4801.5,19206.0,0.19,15556.86
263,2025-06-28,Cliente_48,Monitor,Periféricos,Sudeste,1,2396.26,2396.26,0.12,2108.71
264,2025-05-16,Cliente_22,Monitor,Periféricos,Sul,2,4900.44,9800.88,0.07,9114.82
265,2025-05-05,Cliente_17,Teclado,Periféricos,Norte,1,1455.21,1455.21,0.14,1251.48
266,2025-08-29,Cliente_20,Mouse,Acessórios,Centro-Oeste,3,4071.01,12213.03,0.26,9037.64
267,2025-09-22,Cliente_79,Mouse,Acessórios,Nordeste,1,4762.45,4762.45,0.26,3524.21
268,2025-08-19,Cliente_38,Mouse,Periféricos,Sul,2,2801.64,5603.28,0.26,4146.43
269,2025-11-21,Cliente_7,Mouse,Periféricos,Norte,4,1455.78,5823.12,0.21,4600.26
270,2025-03-08,Cliente_58,Teclado,Eletrônicos,Norte,4,1516.52,6066.08,0.2,4852.86
271,2025-05-14,Cliente_99,Notebook,Eletrônicos,Sul,4,1735.95,6943.8,0.25,5207.85
272,2025-09-30,Cliente_42,Teclado,Periféricos,Sul,4,3276.95,13107.8,0.18,10748.4
273,2025-01-21,Cliente_6,Notebook,Eletrônicos,Sul,2,1049.44,2098.88,0.01,2077.89
274,2025-10-18,Cliente_23,Teclado,Eletrônicos,Sudeste,2,4563.86,9127.72,0.1,8214.95
275,2025-09-28,Cliente_13,Monitor,Acessórios,Sul,1,3768.05,3768.05,0.18,3089.8
276,2025-04-17,Cliente_78,Headset,Periféricos,Sudeste,2,550.85,1101.7,0.0,1101.7
277,2025-05-05,Cliente_54,Cadeira Gamer,Eletrônicos,Sudeste,1,2079.77,2079.77,0.11,1851.0
278,2025-09-05,Cliente_22,Mouse,Eletrônicos,Nordeste,4,3677.2,14708.8,0.18,12061.22
279,2025-02-25,Cliente_48,Monitor,Eletrônicos,Norte,3,4456.45,13369.35,0.06,12567.19
280,2025-05-08,Cliente_79,Cadeira Gamer,Acessórios,Sudeste,3,4440.38,13321.14,0.25,9990.85
281,2025-05-21,Cliente_56,Monitor,Acessórios,Centro-Oeste,3,3463.66,10390.98,0.27,7585.42
282,2025-08-30,Cliente_73,Cadeira Gamer,Periféricos,Sul,2,3996.23,7992.46,0.06,7512.91
283,2025-04-02,Cliente_39,Mouse,Eletrônicos,Sul,3,520.55,1561.65,0.22,1218.09
284,2025-03-01,Cliente_65,Cadeira Gamer,Periféricos,Centro-Oeste,3,1959.36,5878.08,0.26,4349.78
285,2025-12-23,Cliente_90,Mouse,Periféricos,Norte,2,935.96,1871.92,0.21,1478.82
286,2025-06-03,Cliente_22,Mouse,Eletrônicos,Norte,1,4359.2,4359.2,0.22,3400.18
287,2025-02-13,Cliente_13,Mouse,Acessórios,Sudeste,2,3778.36,7556.72,0.07,7027.75
288,2025-01-08,Cliente_90,Teclado,Periféricos,Sul,4,2295.95,9183.8,0.23,7071.53
289,2025-12-13,Cliente_30,Notebook,Acessórios,Centro-Oeste,3,2198.01,6594.03,0.04,6330.27
290,2025-11-03,Cliente_80,Headset,Periféricos,Sul,4,247.57,990.28,0.06,930.86
291,2025-10-17,Cliente_35,Monitor,Periféricos,Sudeste,3,1941.44,5824.32,0.27,4251.75
292,2025-05-22,Cliente_35,Teclado,Periféricos,Nordeste,1,4121.62,4121.62,0.1,3709.46
293,2025-11-18,Cliente_27,Mouse,Eletrônicos,Norte,4,4628.76,18515.04,0.0,18515.04
294,2025-11-04,Cliente_53,Mouse,Eletrônicos,Sudeste,4,3712.62,14850.48,0.3,10395.34
295,2025-10-10,Cliente_10,Headset,Acessórios,Centro-Oeste,3,3408.73,10226.19,0.24,7771.9
296,2025-11-22,Cliente_65,Mouse,Acessórios,Nordeste,1,2134.35,2134.35,0.17,1771.51
297,2025-10-03,Cliente_40,Notebook,Acessórios,Norte,1,2268.7,2268.7,0.03,2200.64
298,2025-08-01,Cliente_19,Notebook,Acessórios,Sudeste,4,3837.25,15349.0,0.3,10744.3
299,2025-04-23,Cliente_57,Teclado,Acessórios,Sul,4,1287.27,5149.08,0.02,5046.1
300,2025-09-16,Cliente_39,Cadeira Gamer,Periféricos,Centro-Oeste,4,113.05,452.2,0.1,406.98
301,2025-06-28,Cliente_62,Notebook,Periféricos,Centro-Oeste,1,2189.58,2189.58,0.07,2036.31
302,2025-03-17,Cliente_30,Teclado,Acessórios,Sudeste,4,2512.48,10049.92,0.19,8140.44
303,2025-08-02,Cliente_35,Teclado,Periféricos,Nordeste,3,4540.96,13622.88,0.19,11034.53
304,2025-03-22,Cliente_14,Headset,Periféricos,Sudeste,1,3299.56,3299.56,0.18,2705.64
305,2025-03-09,Cliente_48,Notebook,Periféricos,Nordeste,1,2626.44,2626.44,0.24,1996.09
306,2025-04-30,Cliente_20,Monitor,Acessórios,Centro-Oeste,3,4141.32,12423.96,0.18,10187.65
307,2025-01-06,Cliente_84,Mouse,Eletrônicos,Sul,1,1578.32,1578.32,0.2,1262.66
308,2025-05-26,Cliente_93,Cadeira Gamer,Acessórios,Sul,4,1068.7,4274.8,0.3,2992.36
309,2025-08-19,Cliente_32,Monitor,Eletrônicos,Norte,3,479.67,1439.01,0.08,1323.89
310,2025-12-12,Cliente_49,Cadeira Gamer,Acessórios,Nordeste,4,2716.36,10865.44,0.25,8149.08
311,2025-06-23,Cliente_47,Mouse,Acessórios,Norte,4,1358.77,5435.08,0.22,4239.36
312,2025-01-10,Cliente_88,Monitor,Periféricos,Centro-Oeste,1,70.63,70.63,0.25,52.97
313,2025-08-10,Cliente_61,Cadeira Gamer,Eletrônicos,Sul,3,3128.56,9385.68,0.19,7602.4
314,2025-12-30,Cliente_30,Mouse,Periféricos,Norte,3,98.36,295.08,0.1,265.57
315,2025-03-07,Cliente_57,Mouse,Periféricos,Nordeste,2,4027.01,8054.02,0.1,7248.62
316,2025-01-07,Cliente_92,Cadeira Gamer,Periféricos,Nordeste,2,2412.55,4825.1,0.02,4728.6
317,2025-03-18,Cliente_44,Notebook,Periféricos,Centro-Oeste,3,2404.18,7212.54,0.18,5914.28
318,2025-05-29,Cliente_31,Monitor,Periféricos,Sudeste,2,3246.7,6493.4,0.17,5389.52
319,2025-11-02,Cliente_35,Notebook,Acessórios,Sul,4,2018.65,8074.6,0.15,6863.41
320,2025-01-24,Cliente_86,Mouse,Acessórios,Sul,4,1789.22,7156.88,0.25,5367.66
321,2025-05-21,Cliente_68,Cadeira Gamer,Eletrônicos,Sul,4,4992.37,19969.48,0.24,15176.8
322,2025-10-30,Cliente_52,Mouse,Eletrônicos,Nordeste,4,273.39,1093.56,0.29,776.43
323,2025-04-16,Cliente_49,Headset,Acessórios,Sudeste,3,3344.66,10033.98,0.22,7826.5
324,2025-08-04,Cliente_89,Headset,Acessórios,Nordeste,3,1216.41,3649.23,0.0,3649.23
325,2025-04-12,Cliente_10,Cadeira Gamer,Acessórios,Sul,1,1582.26,1582.26,0.09,1439.86
326,2025-05-03,Cliente_84,Mouse,Periféricos,Centro-Oeste,4,3526.6,14106.4,0.02,13824.27
327,2025-12-06,Cliente_22,Teclado,Eletrônicos,Nordeste,3,4333.46,13000.38,0.25,9750.28
328,2025-03-07,Cliente_70,Monitor,Acessórios,Centro-Oeste,3,1298.57,3895.71,0.01,3856.75
329,2025-05-20,Cliente_6,Cadeira Gamer,Acessórios,Norte,3,1361.88,4085.64,0.05,3881.36
330,2025-01-12,Cliente_60,Notebook,Eletrônicos,Sul,2,1984.86,3969.72,0.27,2897.9
331,2025-01-12,Cliente_67,Monitor,Eletrônicos,Sudeste,2,164.6,329.2,0.02,322.62
332,2025-08-22,Cliente_80,Monitor,Eletrônicos,Norte,1,1975.57,1975.57,0.17,1639.72
333,2025-10-20,Cliente_29,Teclado,Eletrônicos,Sul,1,4949.54,4949.54,0.03,4801.05
334,2025-08-30,Cliente_10,Notebook,Periféricos,Sudeste,3,3373.34,10120.02,0.28,7286.41
335,2025-03-18,Cliente_62,Headset,Periféricos,Norte,4,4983.02,19932.08,0.15,16942.27
336,2025-07-21,Cliente_38,Headset,Periféricos,Centro-Oeste,3,4959.43,14878.29,0.01,14729.51
337,2025-01-16,Cliente_51,Cadeira Gamer,Eletrônicos,Nordeste,2,3416.92,6833.84,0.21,5398.73
338,2025-07-15,Cliente_67,Cadeira Gamer,Periféricos,Sul,4,379.68,1518.72,0.28,1093.48
339,2025-08-01,Cliente_5,Headset,Eletrônicos,Sul,2,2517.93,5035.86,0.09,4582.63
340,2025-12-12,Cliente_25,Cadeira Gamer,Periféricos,Norte,3,1007.53,3022.59,0.15,2569.2
341,2025-11-10,Cliente_61,Cadeira Gamer,Acessórios,Nordeste,3,288.83,866.49,0.14,745.18
342,2025-11-18,Cliente_51,Teclado,Eletrônicos,Norte,4,2630.36,10521.44,0.19,8522.37
343,2025-03-10,Cliente_20,Teclado,Eletrônicos,Sul,4,2887.93,11551.72,0.06,10858.62
344,2025-01-06,Cliente_47,Notebook,Acessórios,Sul,3,4424.3,13272.9,0.03,12874.71
345,2025-10-24,Cliente_8,Notebook,Periféricos,Centro-Oeste,4,2790.88,11163.52,0.13,9712.26
346,2025-10-27,Cliente_79,Cadeira Gamer,Eletrônicos,Nordeste,1,4791.33,4791.33,0.3,3353.93
347,2025-06-21,Cliente_51,Headset,Eletrônicos,Norte,4,2376.28,9505.12,0.27,6938.74
348,2025-06-14,Cliente_84,Cadeira Gamer,Periféricos,Nordeste,2,2547.13,5094.26,0.12,4482.95
349,2025-11-19,Cliente_99,Notebook,Eletrônicos,Sul,3,937.75,2813.25,0.18,2306.87
350,2025-09-07,Cliente_32,Teclado,Periféricos,Centro-Oeste,4,866.09,3464.36,0.23,2667.56
351,2025-12-28,Cliente_26,Monitor,Periféricos,Nordeste,3,4418.2,13254.6,0.12,11664.05
352,2025-07-06,Cliente_62,Headset,Acessórios,Nordeste,2,3567.28,7134.56,0.0,7134.56
353,2025-01-18,Cliente_81,Headset,Periféricos,Nordeste,3,4641.61,13924.83,0.14,11975.35
354,2025-12-31,Cliente_75,Monitor,Acessórios,Norte,1,4343.51,4343.51,0.26,3214.2
355,2025-12-08,Cliente_64,Teclado,Eletrônicos,Centro-Oeste,3,4956.64,14869.92,0.28,10706.34
356,2025-02-24,Cliente_19,Headset,Eletrônicos,Sul,4,4597.96,18391.84,0.28,13242.12
357,2025-11-30,Cliente_86,Cadeira Gamer,Acessórios,Sudeste,1,492.54,492.54,0.12,433.44
358,2025-06-08,Cliente_83,Teclado,Acessórios,Centro-Oeste,4,852.24,3408.96,0.05,3238.51
359,2025-04-20,Cliente_4,Mouse,Eletrônicos,Nordeste,2,740.49,1480.98,0.17,1229.21
360,2025-01-11,Cliente_22,Mouse,Periféricos,Sul,4,1077.68,4310.72,0.26,3189.93
361,2025-01-24,Cliente_32,Headset,Eletrônicos,Nordeste,3,2680.24,8040.72,0.14,6915.02
362,2025-11-12,Cliente_66,Monitor,Eletrônicos,Norte,3,3959.07,11877.21,0.01,11758.44
363,2025-08-03,Cliente_1,Monitor,Acessórios,Sul,1,4335.6,4335.6,0.11,3858.68
364,2025-10-14,Cliente_91,Notebook,Periféricos,Norte,2,2628.35,5256.7,0.0,5256.7
365,2025-10-26,Cliente_32,Headset,Eletrônicos,Sul,1,547.16,547.16,0.02,536.22
366,2025-03-29,Cliente_44,Notebook,Acessórios,Nordeste,1,1088.98,1088.98,0.04,1045.42
367,2025-10-11,Cliente_51,Mouse,Periféricos,Centro-Oeste,1,2993.89,2993.89,0.03,2904.07
368,2025-02-19,Cliente_40,Headset,Eletrônicos,Norte,3,1524.92,4574.76,0.05,4346.02
369,2025-05-29,Cliente_74,Cadeira Gamer,Acessórios,Sul,4,2007.38,8029.52,0.25,6022.14
370,2025-07-16,Cliente_29,Monitor,Eletrônicos,Nordeste,1,3326.45,3326.45,0.22,2594.63
371,2025-04-06,Cliente_75,Teclado,Periféricos,Norte,2,2490.32,4980.64,0.04,4781.41
372,2025-09-19,Cliente_98,Cadeira Gamer,Eletrônicos,Sul,1,3930.2,3930.2,0.26,2908.35
373,2025-01-03,Cliente_100,Monitor,Periféricos,Nordeste,2,3433.71,6867.42,0.25,5150.57
374,2025-02-07,Cliente_3,Monitor,Periféricos,Sudeste,4,650.99,2603.96,0.2,2083.17
375,2025-05-06,Cliente_89,Monitor,Eletrônicos,Norte,1,1646.15,1646.15,0.22,1284.0
376,2025-11-05,Cliente_21,Notebook,Acessórios,Sudeste,3,4782.59,14347.77,0.29,10186.92
377,2025-05-28,Cliente_43,Cadeira Gamer,Eletrônicos,Sul,2,1379.05,2758.1,0.11,2454.71
378,2025-06-06,Cliente_31,Cadeira Gamer,Eletrônicos,Nordeste,3,4624.22,13872.66,0.0,13872.66
379,2025-04-30,Cliente_3,Mouse,Eletrônicos,Centro-Oeste,4,3713.79,14855.16,0.22,11587.02
380,2025-04-13,Cliente_28,Notebook,Eletrônicos,Norte,2,1951.0,3902.0,0.05,3706.9
381,2025-09-27,Cliente_18,Monitor,Acessórios,Norte,2,1607.87,3215.74,0.28,2315.33
382,2025-09-08,Cliente_95,Cadeira Gamer,Eletrônicos,Centro-Oeste,3,3276.11,9828.33,0.25,7371.25
383,2025-01-11,Cliente_31,Monitor,Periféricos,Norte,4,1697.25,6789.0,0.07,6313.77
384,2025-03-29,Cliente_60,Notebook,Acessórios,Sudeste,1,4585.39,4585.39,0.12,4035.14
385,2025-01-21,Cliente_85,Notebook,Periféricos,Nordeste,2,3077.42,6154.84,0.27,4493.03
386,2025-04-25,Cliente_75,Notebook,Eletrônicos,Centro-Oeste,4,4228.1,16912.4,0.25,12684.3
387,2025-03-19,Cliente_18,Headset,Eletrônicos,Norte,1,4314.0,4314.0,0.0,4314.0
388,2025-10-26,Cliente_22,Mouse,Eletrônicos,Sul,1,3562.73,3562.73,0.14,3063.95
389,2025-06-19,Cliente_40,Notebook,Acessórios,Norte,1,2133.16,2133.16,0.15,1813.19
390,2025-12-05,Cliente_1,Notebook,Eletrônicos,Sul,4,823.13,3292.52,0.15,2798.64
391,2025-09-28,Cliente_47,Cadeira Gamer,Acessórios,Nordeste,4,667.28,2669.12,0.07,2482.28
392,2025-03-11,Cliente_40,Notebook,Eletrônicos,Norte,3,3831.09,11493.27,0.1,10343.94
393,2025-01-07,Cliente_11,Notebook,Eletrônicos,Nordeste,4,721.76,2887.04,0.15,2453.98
394,2025-06-04,Cliente_84,Cadeira Gamer,Periféricos,Norte,3,159.65,478.95,0.28,344.84
395,2025-06-26,Cliente_48,Headset,Acessórios,Sul,1,2755.79,2755.79,0.16,2314.86
396,2025-06-01,Cliente_27,Teclado,Acessórios,Norte,2,1707.5,3415.0,0.29,2424.65
397,2025-03-03,Cliente_5,Headset,Acessórios,Centro-Oeste,4,2525.02,10100.08,0.26,7474.06
398,2025-12-07,Cliente_13,Notebook,Eletrônicos,Sudeste,1,1478.64,1478.64,0.09,1345.56
399,2025-01-23,Cliente_67,Monitor,Acessórios,Sul,2,4555.49,9110.98,0.08,8382.1
400,2025-07-26,Cliente_71,Cadeira Gamer,Periféricos,Sudeste,2,2914.09,5828.18,0.02,5711.62
401,2025-12-01,Cliente_45,Cadeira Gamer,Periféricos,Sul,3,116.62,349.86,0.26,258.9
402,2025-04-05,Cliente_90,Cadeira Gamer,Eletrônicos,Sul,4,409.1,1636.4,0.0,1636.4
403,2025-11-30,Cliente_75,Headset,Eletrônicos,Norte,1,4311.37,4311.37,0.04,4138.92
404,2025-10-06,Cliente_34,Cadeira Gamer,Periféricos,Nordeste,4,3677.0,14708.0,0.06,13825.52
405,2025-12-01,Cliente_12,Notebook,Acessórios,Sudeste,3,3723.94,11171.82,0.05,10613.23
406,2025-04-15,Cliente_34,Teclado,Periféricos,Sudeste,4,3514.06,14056.24,0.12,12369.49
407,2025-04-01,Cliente_44,Monitor,Periféricos,Centro-Oeste,4,1577.82,6311.28,0.05,5995.72
408,2025-04-28,Cliente_86,Notebook,Eletrônicos,Centro-Oeste,1,3311.65,3311.65,0.1,2980.49
409,2025-02-09,Cliente_77,Mouse,Periféricos,Norte,2,2121.4,4242.8,0.21,3351.81
410,2025-12-29,Cliente_95,Headset,Acessórios,Norte,1,419.33,419.33,0.28,301.92
411,2025-09-08,Cliente_81,Headset,Acessórios,Centro-Oeste,4,4265.0,17060.0,0.01,16889.4
412,2025-02-26,Cliente_22,Cadeira Gamer,Periféricos,Nordeste,3,4581.49,13744.47,0.02,13469.58
413,2025-12-02,Cliente_41,Mouse,Eletrônicos,Centro-Oeste,1,619.27,619.27,0.07,575.92
414,2025-07-02,Cliente_32,Notebook,Eletrônicos,Centro-Oeste,1,3221.08,3221.08,0.25,2415.81
415,2025-03-06,Cliente_90,Monitor,Acessórios,Sul,3,3836.81,11510.43,0.05,10934.91
416,2025-07-30,Cliente_69,Monitor,Acessórios,Nordeste,2,2822.81,5645.62,0.18,4629.41
417,2025-06-20,Cliente_86,Headset,Periféricos,Nordeste,4,3369.84,13479.36,0.02,13209.77
418,2025-11-04,Cliente_94,Headset,Periféricos,Norte,1,331.09,331.09,0.05,314.54
419,2025-06-06,Cliente_14,Notebook,Periféricos,Norte,2,394.9,789.8,0.12,695.02
420,2025-03-09,Cliente_18,Monitor,Periféricos,Sul,4,1193.41,4773.64,0.29,3389.28
421,2025-08-10,Cliente_86,Monitor,Acessórios,Sul,1,3646.93,3646.93,0.23,2808.14
422,2025-04-02,Cliente_36,Monitor,Periféricos,Sudeste,2,3291.49,6582.98,0.08,6056.34
423,2025-08-18,Cliente_13,Mouse,Eletrônicos,Sudeste,3,1248.35,3745.05,0.15,3183.29
424,2025-02-21,Cliente_44,Headset,Periféricos,Nordeste,3,4675.79,14027.37,0.3,9819.16
425,2025-11-12,Cliente_38,Mouse,Acessórios,Centro-Oeste,2,367.17,734.34,0.13,638.88
426,2025-01-24,Cliente_96,Notebook,Eletrônicos,Norte,1,1097.25,1097.25,0.1,987.52
427,2025-11-05,Cliente_48,Notebook,Periféricos,Centro-Oeste,1,4911.97,4911.97,0.07,4568.13
428,2025-12-23,Cliente_34,Monitor,Periféricos,Sudeste,4,4792.99,19171.96,0.04,18405.08
429,2025-12-23,Cliente_86,Mouse,Acessórios,Centro-Oeste,1,3116.71,3116.71,0.26,2306.37
430,2025-10-01,Cliente_10,Headset,Eletrônicos,Centro-Oeste,1,4348.94,4348.94,0.04,4174.98
431,2025-04-09,Cliente_66,Mouse,Eletrônicos,Sul,2,3776.74,7553.48,0.03,7326.88
432,2025-10-13,Cliente_41,Cadeira Gamer,Acessórios,Sul,4,258.24,1032.96,0.1,929.66
433,2025-01-07,Cliente_52,Mouse,Acessórios,Sudeste,2,4726.48,9452.96,0.11,8413.13
434,2025-04-01,Cliente_94,Teclado,Eletrônicos,Centro-Oeste,1,4578.19,4578.19,0.02,4486.63
435,2025-11-09,Cliente_38,Monitor,Eletrônicos,Sudeste,2,3752.18,7504.36,0.02,7354.27
436,2025-01-24,Cliente_92,Headset,Periféricos,Sudeste,4,1494.54,5978.16,0.25,4483.62
437,2025-04-01,Cliente_22,Mouse,Acessórios,Centro-Oeste,4,939.31,3757.24,0.28,2705.21
438,2025-03-03,Cliente_99,Teclado,Acessórios,Nordeste,1,389.98,389.98,0.14,335.38
439,2025-07-29,Cliente_57,Notebook,Periféricos,Sul,3,3874.45,11623.35,0.23,8949.98
440,2025-02-05,Cliente_47,Mouse,Eletrônicos,Sudeste,1,471.58,471.58,0.27,344.25
441,2025-04-02,Cliente_96,Teclado,Eletrônicos,Centro-Oeste,4,2997.54,11990.16,0.19,9712.03
442,2025-06-10,Cliente_25,Cadeira Gamer,Periféricos,Sudeste,3,2379.27,7137.81,0.23,5496.11
443,2025-08-11,Cliente_71,Monitor,Eletrônicos,Sudeste,1,2571.03,2571.03,0.04,2468.19
444,2025-09-03,Cliente_23,Mouse,Eletrônicos,Sul,1,3074.99,3074.99,0.01,3044.24
445,2025-03-26,Cliente_67,Headset,Periféricos,Norte,3,2586.28,7758.84,0.1,6982.96
446,2025-08-16,Cliente_32,Notebook,Eletrônicos,Sudeste,3,4149.97,12449.91,0.13,10831.42
447,2025-03-24,Cliente_66,Monitor,Acessórios,Norte,2,4082.94,8165.88,0.13,7104.32
448,2025-12-27,Cliente_63,Teclado,Eletrônicos,Centro-Oeste,1,3884.53,3884.53,0.25,2913.4
449,2025-07-29,Cliente_33,Notebook,Eletrônicos,Norte,2,2712.7,5425.4,0.1,4882.86
450,2025-08-25,Cliente_77,Mouse,Periféricos,Centro-Oeste,1,1049.54,1049.54,0.23,808.15
451,2025-08-26,Cliente_74,Cadeira Gamer,Acessórios,Norte,4,1102.06,4408.24,0.27,3218.02
452,2025-08-05,Cliente_23,Notebook,Periféricos,Sul,3,4860.54,14581.62,0.22,11373.66
453,2025-06-16,Cliente_64,Mouse,Acessórios,Sul,3,2696.81,8090.43,0.27,5906.01
454,2025-04-13,Cliente_41,Notebook,Acessórios,Sul,3,3617.34,10852.02,0.05,10309.42
455,2025-11-14,Cliente_59,Headset,Acessórios,Norte,4,957.16,3828.64,0.0,3828.64
456,2025-09-14,Cliente_15,Cadeira Gamer,Acessórios,Sul,4,217.16,868.64,0.12,764.4
457,2025-08-31,Cliente_90,Mouse,Periféricos,Centro-Oeste,3,2056.52,6169.56,0.09,5614.3
458,2025-01-27,Cliente_48,Teclado,Eletrônicos,Sul,4,4745.1,18980.4,0.19,15374.12
459,2025-07-12,Cliente_27,Cadeira Gamer,Periféricos,Sudeste,3,2439.29,7317.87,0.15,6220.19
460,2025-07-08,Cliente_5,Teclado,Acessórios,Centro-Oeste,1,1318.97,1318.97,0.3,923.28
461,2025-03-15,Cliente_59,Cadeira Gamer,Periféricos,Centro-Oeste,4,836.58,3346.32,0.16,2810.91
462,2025-01-18,Cliente_16,Mouse,Eletrônicos,Centro-Oeste,2,1497.19,2994.38,0.22,2335.62
463,2025-03-05,Cliente_49,Headset,Periféricos,Norte,1,2891.74,2891.74,0.06,2718.24
464,2025-10-08,Cliente_26,Teclado,Eletrônicos,Sul,3,4681.55,14044.65,0.2,11235.72
465,2025-10-28,Cliente_100,Notebook,Eletrônicos,Norte,4,1240.06,4960.24,0.12,4365.01
466,2025-11-05,Cliente_23,Cadeira Gamer,Periféricos,Sul,4,2046.83,8187.32,0.06,7696.08
467,2025-06-28,Cliente_97,Teclado,Acessórios,Nordeste,2,726.93,1453.86,0.14,1250.32
468,2025-05-19,Cliente_75,Cadeira Gamer,Periféricos,Sul,2,4075.21,8150.42,0.2,6520.34
469,2025-09-08,Cliente_72,Notebook,Eletrônicos,Nordeste,2,3993.25,7986.5,0.02,7826.77
470,2025-02-24,Cliente_2,Teclado,Acessórios,Sudeste,2,3678.87,7357.74,0.19,5959.77
471,2025-07-15,Cliente_53,Teclado,Periféricos,Centro-Oeste,4,839.42,3357.68,0.11,2988.34
472,2025-09-01,Cliente_73,Cadeira Gamer,Periféricos,Nordeste,3,2134.0,6402.0,0.16,5377.68
473,2025-04-11,Cliente_50,Teclado,Acessórios,Centro-Oeste,3,4233.73,12701.19,0.01,12574.18
474,2025-06-19,Cliente_12,Mouse,Periféricos,Sul,4,1383.25,5533.0,0.22,4315.74
475,2025-12-13,Cliente_47,Monitor,Periféricos,Sudeste,1,3111.0,3111.0,0.1,2799.9
476,2025-11-15,Cliente_90,Mouse,Periféricos,Sudeste,1,4894.79,4894.79,0.21,3866.88
477,2025-07-01,Cliente_78,Notebook,Acessórios,Sul,2,4616.82,9233.64,0.06,8679.62
478,2025-09-06,Cliente_40,Cadeira Gamer,Eletrônicos,Sul,4,406.76,1627.04,0.17,1350.44
479,2025-03-23,Cliente_97,Cadeira Gamer,Acessórios,Norte,4,4401.12,17604.48,0.08,16196.12
480,2025-09-18,Cliente_40,Teclado,Periféricos,Sul,3,2231.76,6695.28,0.08,6159.66
481,2025-04-02,Cliente_62,Headset,Eletrônicos,Norte,3,4495.48,13486.44,0.1,12137.8
482,2025-04-03,Cliente_37,Headset,Eletrônicos,Nordeste,3,4152.72,12458.16,0.02,12209.0
483,2025-07-03,Cliente_84,Teclado,Acessórios,Sudeste,4,901.49,3605.96,0.02,3533.84
484,2025-10-20,Cliente_46,Notebook,Periféricos,Sudeste,2,1452.2,2904.4,0.09,2643.0
485,2025-03-31,Cliente_10,Cadeira Gamer,Eletrônicos,Nordeste,3,4585.14,13755.42,0.3,9628.79
486,2025-11-23,Cliente_69,Headset,Eletrônicos,Sudeste,3,2474.42,7423.26,0.24,5641.68
487,2025-10-30,Cliente_59,Headset,Periféricos,Norte,4,3001.87,12007.48,0.06,11287.03
488,2025-01-18,Cliente_37,Headset,Eletrônicos,Sul,3,4376.9,13130.7,0.21,10373.25
489,2025-09-27,Cliente_54,Teclado,Acessórios,Norte,3,3105.59,9316.77,0.21,7360.25
490,2025-02-06,Cliente_72,Teclado,Periféricos,Sul,1,3842.63,3842.63,0.06,3612.07
491,2025-05-25,Cliente_59,Mouse,Eletrônicos,Norte,3,4462.56,13387.68,0.17,11111.77
492,2025-07-16,Cliente_22,Monitor,Eletrônicos,Sudeste,3,2136.82,6410.46,0.21,5064.26
493,2025-12-14,Cliente_64,Teclado,Acessórios,Norte,1,4558.67,4558.67,0.04,4376.32
494,2025-11-05,Cliente_67,Notebook,Acessórios,Nordeste,4,4746.35,18985.4,0.13,16517.3
495,2025-01-25,Cliente_62,Cadeira Gamer,Eletrônicos,Sul,3,3482.16,10446.48,0.26,7730.4
496,2025-12-16,Cliente_89,Mouse,Periféricos,Nordeste,2,4997.4,9994.8,0.09,9095.27
497,2025-12-12,Cliente_71,Teclado,Acessórios,Nordeste,3,4371.83,13115.49,0.16,11017.01
498,2025-01-10,Cliente_15,Teclado,Periféricos,Sudeste,1,1093.84,1093.84,0.19,886.01
499,2025-12-19,Cliente_23,Cadeira Gamer,Periféricos,Norte,3,422.65,1267.95,0.07,1179.19
500,2025-11-21,Cliente_66,Teclado,Acessórios,Sul,3,4624.27,13872.81,0.09,12624.26
501,2025-11-10,Cliente_61,Cadeira Gamer,Acessórios,Sul,2,2149.01,4298.02,0.2,3438.42
502,2025-02-23,Cliente_97,Teclado,Periféricos,Norte,3,4156.09,12468.27,0.07,11595.49
503,2025-04-02,Cliente_42,Headset,Periféricos,Sul,4,536.78,2147.12,0.05,2039.76
504,2025-12-12,Cliente_45,Cadeira Gamer,Acessórios,Norte,4,2670.99,10683.96,0.14,9188.21
505,2025-03-09,Cliente_98,Cadeira Gamer,Acessórios,Nordeste,3,298.11,894.33,0.27,652.86
506,2025-06-21,Cliente_76,Monitor,Acessórios,Sudeste,1,3805.76,3805.76,0.21,3006.55
507,2025-01-27,Cliente_49,Headset,Periféricos,Sudeste,3,325.75,977.25,0.27,713.39
508,2025-05-28,Cliente_38,Headset,Eletrônicos,Norte,1,4606.78,4606.78,0.16,3869.7
509,2025-11-23,Cliente_37,Monitor,Eletrônicos,Nordeste,1,1152.37,1152.37,0.27,841.23
510,2025-10-01,Cliente_64,Notebook,Eletrônicos,Sul,2,1975.76,3951.52,0.07,3674.91
511,2025-02-06,Cliente_91,Teclado,Eletrônicos,Nordeste,2,2754.41,5508.82,0.04,5288.47
512,2025-04-18,Cliente_46,Notebook,Periféricos,Sul,1,4519.92,4519.92,0.23,3480.34
513,2025-05-14,Cliente_86,Notebook,Acessórios,Sudeste,1,4030.45,4030.45,0.06,3788.62
514,2025-08-19,Cliente_91,Cadeira Gamer,Acessórios,Sudeste,2,2495.8,4991.6,0.21,3943.36
515,2025-07-01,Cliente_66,Monitor,Periféricos,Sul,2,4409.61,8819.22,0.09,8025.49
516,2025-09-24,Cliente_67,Mouse,Eletrônicos,Sul,3,855.68,2567.04,0.07,2387.35
517,2025-10-10,Cliente_83,Mouse,Eletrônicos,Sudeste,3,336.29,1008.87,0.16,847.45
518,2025-10-29,Cliente_21,Cadeira Gamer,Eletrônicos,Norte,3,4422.78,13268.34,0.3,9287.84
519,2025-01-03,Cliente_5,Notebook,Eletrônicos,Nordeste,2,4904.25,9808.5,0.27,7160.2
520,2025-02-09,Cliente_62,Headset,Periféricos,Sul,2,4772.52,9545.04,0.04,9163.24
521,2025-02-10,Cliente_42,Monitor,Acessórios,Sul,3,574.54,1723.62,0.03,1671.91
522,2025-09-13,Cliente_31,Notebook,Eletrônicos,Centro-Oeste,1,1485.31,1485.31,0.13,1292.22
523,2025-03-16,Cliente_79,Headset,Eletrônicos,Nordeste,1,2956.42,2956.42,0.16,2483.39
524,2025-03-17,Cliente_9,Notebook,Periféricos,Norte,4,2053.36,8213.44,0.25,6160.08
525,2025-02-27,Cliente_12,Notebook,Periféricos,Norte,4,2282.88,9131.52,0.1,8218.37
526,2025-06-27,Cliente_68,Teclado,Eletrônicos,Centro-Oeste,1,1019.24,1019.24,0.09,927.51
527,2025-12-29,Cliente_7,Monitor,Acessórios,Sudeste,3,4577.29,13731.87,0.03,13319.91
528,2025-06-03,Cliente_3,Mouse,Eletrônicos,Sul,1,255.81,255.81,0.19,207.21
529,2025-02-10,Cliente_67,Monitor,Eletrônicos,Sul,1,301.41,301.41,0.11,268.25
530,2025-03-04,Cliente_7,Notebook,Acessórios,Norte,2,3391.04,6782.08,0.09,6171.69
531,2025-05-12,Cliente_59,Monitor,Acessórios,Norte,3,1106.48,3319.44,0.06,3120.27
532,2025-12-06,Cliente_17,Monitor,Acessórios,Sudeste,1,3380.95,3380.95,0.28,2434.28
533,2025-05-11,Cliente_15,Monitor,Acessórios,Sul,4,835.31,3341.24,0.09,3040.53
534,2025-09-08,Cliente_65,Headset,Acessórios,Nordeste,3,2949.93,8849.79,0.12,7787.82
535,2025-04-10,Cliente_46,Mouse,Acessórios,Nordeste,4,142.4,569.6,0.26,421.5
536,2025-05-08,Cliente_82,Mouse,Acessórios,Sudeste,3,602.18,1806.54,0.2,1445.23
537,2025-01-13,Cliente_60,Notebook,Acessórios,Sudeste,1,1702.93,1702.93,0.17,1413.43
538,2025-03-15,Cliente_48,Headset,Acessórios,Norte,3,3376.13,10128.39,0.27,7393.72
539,2025-07-03,Cliente_73,Teclado,Periféricos,Centro-Oeste,3,4803.45,14410.35,0.24,10951.87
540,2025-08-08,Cliente_4,Notebook,Periféricos,Nordeste,2,782.58,1565.16,0.03,1518.21
541,2025-12-25,Cliente_95,Mouse,Acessórios,Centro-Oeste,3,436.5,1309.5,0.15,1113.08
542,2025-12-30,Cliente_67,Cadeira Gamer,Acessórios,Centro-Oeste,3,1980.79,5942.37,0.29,4219.08
543,2025-05-31,Cliente_66,Teclado,Acessórios,Nordeste,2,4468.05,8936.1,0.05,8489.3
544,2025-05-02,Cliente_61,Monitor,Eletrônicos,Norte,2,4340.92,8681.84,0.02,8508.2
545,2025-04-21,Cliente_11,Teclado,Periféricos,Centro-Oeste,3,1347.69,4043.07,0.05,3840.92
546,2025-12-07,Cliente_26,Teclado,Acessórios,Sul,1,2441.54,2441.54,0.18,2002.06
547,2025-01-29,Cliente_44,Notebook,Eletrônicos,Norte,3,4342.36,13027.08,0.13,11333.56
548,2025-01-22,Cliente_93,Headset,Periféricos,Centro-Oeste,1,1983.51,1983.51,0.04,1904.17
549,2025-09-01,Cliente_58,Notebook,Acessórios,Sul,2,1818.11,3636.22,0.22,2836.25
550,2025-06-12,Cliente_58,Teclado,Eletrônicos,Sudeste,1,4481.17,4481.17,0.08,4122.68
551,2025-09-24,Cliente_51,Notebook,Acessórios,Sudeste,4,4560.21,18240.84,0.16,15322.31
552,2025-05-14,Cliente_24,Headset,Eletrônicos,Nordeste,1,963.74,963.74,0.28,693.89
553,2025-01-31,Cliente_85,Teclado,Periféricos,Sul,1,682.13,682.13,0.18,559.35
554,2025-04-15,Cliente_73,Notebook,Periféricos,Sul,1,4318.91,4318.91,0.09,3930.21
555,2025-04-20,Cliente_67,Notebook,Acessórios,Nordeste,3,4641.8,13925.4,0.09,12672.11
556,2025-08-28,Cliente_49,Mouse,Periféricos,Norte,4,595.43,2381.72,0.05,2262.63
557,2025-11-01,Cliente_69,Monitor,Acessórios,Sul,1,874.23,874.23,0.05,830.52
558,2025-02-20,Cliente_18,Notebook,Acessórios,Nordeste,3,3621.49,10864.47,0.12,9560.73
559,2025-10-06,Cliente_87,Monitor,Acessórios,Norte,4,3389.81,13559.24,0.21,10711.8
560,2025-02-20,Cliente_29,Notebook,Eletrônicos,Sudeste,2,3541.12,7082.24,0.26,5240.86
561,2025-04-18,Cliente_99,Headset,Acessórios,Sudeste,2,3749.31,7498.62,0.24,5698.95
562,2025-04-24,Cliente_84,Mouse,Eletrônicos,Centro-Oeste,4,3723.79,14895.16,0.28,10724.52
563,2025-05-28,Cliente_41,Cadeira Gamer,Periféricos,Sudeste,1,4168.04,4168.04,0.07,3876.28
564,2025-03-12,Cliente_7,Monitor,Eletrônicos,Nordeste,2,1487.73,2975.46,0.07,2767.18
565,2025-02-07,Cliente_25,Notebook,Periféricos,Norte,3,3722.03,11166.09,0.15,9491.18
566,2025-03-30,Cliente_35,Mouse,Acessórios,Norte,1,3723.97,3723.97,0.07,3463.29
567,2025-05-10,Cliente_75,Cadeira Gamer,Acessórios,Nordeste,4,860.51,3442.04,0.19,2788.05
568,2025-08-01,Cliente_60,Teclado,Acessórios,Norte,2,2612.56,5225.12,0.29,3709.84
569,2025-05-14,Cliente_3,Teclado,Periféricos,Sudeste,2,2113.13,4226.26,0.04,4057.21
570,2025-08-04,Cliente_26,Monitor,Acessórios,Sudeste,4,2543.34,10173.36,0.11,9054.29
571,2025-09-01,Cliente_21,Cadeira Gamer,Acessórios,Centro-Oeste,3,1315.98,3947.94,0.18,3237.31
572,2025-06-02,Cliente_17,Teclado,Acessórios,Centro-Oeste,2,98.58,197.16,0.26,145.9
573,2025-07-31,Cliente_44,Mouse,Eletrônicos,Norte,3,4749.43,14248.29,0.13,12396.01
574,2025-05-11,Cliente_58,Teclado,Eletrônicos,Centro-Oeste,1,1214.7,1214.7,0.19,983.91
575,2025-02-13,Cliente_70,Headset,Acessórios,Norte,1,3519.95,3519.95,0.07,3273.55
576,2025-12-25,Cliente_33,Cadeira Gamer,Periféricos,Nordeste,2,851.06,1702.12,0.29,1208.51
577,2025-09-29,Cliente_31,Teclado,Periféricos,Norte,1,3915.98,3915.98,0.01,3876.82
578,2025-10-21,Cliente_87,Notebook,Periféricos,Nordeste,3,1575.51,4726.53,0.05,4490.2
579,2025-12-18,Cliente_6,Notebook,Eletrônicos,Centro-Oeste,3,2061.51,6184.53,0.17,5133.16
580,2025-05-20,Cliente_9,Mouse,Periféricos,Sudeste,3,2668.67,8006.01,0.17,6644.99
581,2025-09-25,Cliente_92,Mouse,Eletrônicos,Sul,4,788.1,3152.4,0.2,2521.92
582,2025-10-25,Cliente_96,Monitor,Eletrônicos,Sudeste,1,4065.32,4065.32,0.13,3536.83
583,2025-06-03,Cliente_6,Mouse,Periféricos,Norte,3,1749.46,5248.38,0.0,5248.38
584,2025-08-08,Cliente_17,Notebook,Periféricos,Norte,3,842.33,2526.99,0.12,2223.75
585,2025-08-05,Cliente_51,Mouse,Periféricos,Sudeste,3,399.6,1198.8,0.16,1006.99
586,2025-12-04,Cliente_79,Cadeira Gamer,Periféricos,Sul,1,365.27,365.27,0.09,332.4
587,2025-04-20,Cliente_5,Mouse,Acessórios,Sul,3,1057.44,3172.32,0.22,2474.41
588,2025-09-11,Cliente_31,Notebook,Acessórios,Nordeste,3,298.17,894.51,0.09,814.0
589,2025-02-20,Cliente_85,Cadeira Gamer,Periféricos,Sudeste,4,1783.96,7135.84,0.1,6422.26
590,2025-06-22,Cliente_47,Headset,Acessórios,Centro-Oeste,4,3088.11,12352.44,0.01,12228.92
591,2025-05-14,Cliente_8,Teclado,Periféricos,Sudeste,4,3832.92,15331.68,0.0,15331.68
592,2025-10-23,Cliente_36,Cadeira Gamer,Eletrônicos,Norte,4,3724.65,14898.6,0.18,12216.85
593,2025-08-28,Cliente_35,Headset,Periféricos,Centro-Oeste,2,349.81,699.62,0.23,538.71
594,2025-03-11,Cliente_69,Notebook,Acessórios,Norte,4,2321.77,9287.08,0.28,6686.7
595,2025-02-06,Cliente_94,Teclado,Periféricos,Centro-Oeste,3,952.89,2858.67,0.24,2172.59
596,2025-08-28,Cliente_31,Notebook,Acessórios,Nordeste,1,4383.02,4383.02,0.21,3462.59
597,2025-07-24,Cliente_48,Monitor,Acessórios,Norte,4,112.3,449.2,0.06,422.25
598,2025-01-27,Cliente_91,Mouse,Eletrônicos,Centro-Oeste,3,2255.13,6765.39,0.09,6156.5
599,2025-09-11,Cliente_2,Notebook,Eletrônicos,Centro-Oeste,4,3673.18,14692.72,0.17,12194.96
600,2025-04-03,Cliente_82,Monitor,Periféricos,Centro-Oeste,4,3948.55,15794.2,0.29,11213.88
601,2025-06-13,Cliente_81,Headset,Eletrônicos,Centro-Oeste,2,4717.47,9434.94,0.2,7547.95
602,2025-07-09,Cliente_91,Monitor,Periféricos,Nordeste,3,4946.76,14840.28,0.19,12020.63
603,2025-07-31,Cliente_47,Headset,Acessórios,Norte,2,4635.33,9270.66,0.16,7787.35
604,2025-12-20,Cliente_38,Teclado,Acessórios,Norte,3,2066.5,6199.5,0.27,4525.64
605,2025-04-04,Cliente_41,Headset,Acessórios,Norte,1,1237.44,1237.44,0.16,1039.45
606,2025-05-26,Cliente_97,Headset,Acessórios,Centro-Oeste,1,3008.94,3008.94,0.04,2888.58
607,2025-09-07,Cliente_77,Mouse,Periféricos,Sul,4,697.59,2790.36,0.01,2762.46
608,2025-05-03,Cliente_88,Headset,Eletrônicos,Sul,3,3007.85,9023.55,0.08,8301.67
609,2025-11-10,Cliente_62,Teclado,Eletrônicos,Norte,3,2482.03,7446.09,0.0,7446.09
610,2025-04-30,Cliente_39,Cadeira Gamer,Acessórios,Sudeste,1,2814.17,2814.17,0.03,2729.74
611,2025-07-23,Cliente_34,Teclado,Periféricos,Sudeste,2,1565.76,3131.52,0.09,2849.68
612,2025-03-29,Cliente_36,Headset,Eletrônicos,Norte,4,1523.82,6095.28,0.24,4632.41
613,2025-12-02,Cliente_34,Teclado,Eletrônicos,Centro-Oeste,2,4927.29,9854.58,0.05,9361.85
614,2025-11-20,Cliente_19,Notebook,Periféricos,Nordeste,3,4954.23,14862.69,0.26,10998.39
615,2025-04-05,Cliente_6,Monitor,Periféricos,Sudeste,2,2025.95,4051.9,0.18,3322.56
616,2025-01-17,Cliente_85,Cadeira Gamer,Periféricos,Centro-Oeste,4,4049.91,16199.64,0.21,12797.72
617,2025-06-13,Cliente_35,Notebook,Periféricos,Norte,1,2301.94,2301.94,0.06,2163.82
618,2025-03-12,Cliente_74,Mouse,Periféricos,Sul,3,179.5,538.5,0.04,516.96
619,2025-03-17,Cliente_11,Mouse,Acessórios,Centro-Oeste,4,4291.46,17165.84,0.1,15449.26
620,2025-05-04,Cliente_1,Cadeira Gamer,Acessórios,Sudeste,3,4008.91,12026.73,0.09,10944.32
621,2025-08-12,Cliente_63,Monitor,Periféricos,Nordeste,2,3171.59,6343.18,0.25,4757.39
622,2025-03-23,Cliente_58,Cadeira Gamer,Eletrônicos,Norte,3,1094.58,3283.74,0.06,3086.72
623,2025-07-03,Cliente_31,Headset,Eletrônicos,Nordeste,4,622.16,2488.64,0.22,1941.14
624,2025-09-27,Cliente_77,Teclado,Eletrônicos,Nordeste,1,2552.83,2552.83,0.12,2246.49
625,2025-09-15,Cliente_95,Cadeira Gamer,Acessórios,Centro-Oeste,1,4743.16,4743.16,0.2,3794.53
626,2025-09-28,Cliente_13,Mouse,Acessórios,Sul,4,2329.33,9317.32,0.1,8385.59
627,2025-04-01,Cliente_36,Teclado,Periféricos,Nordeste,2,2970.32,5940.64,0.05,5643.61
628,2025-05-10,Cliente_29,Headset,Periféricos,Nordeste,3,4277.38,12832.14,0.18,10522.35
629,2025-09-27,Cliente_62,Teclado,Eletrônicos,Sul,2,464.79,929.58,0.2,743.66
630,2025-08-28,Cliente_19,Cadeira Gamer,Eletrônicos,Nordeste,1,4669.82,4669.82,0.03,4529.73
631,2025-08-29,Cliente_11,Notebook,Periféricos,Centro-Oeste,2,909.44,1818.88,0.21,1436.92
632,2025-11-13,Cliente_61,Monitor,Eletrônicos,Sul,4,4201.66,16806.64,0.17,13949.51
633,2025-09-13,Cliente_25,Monitor,Eletrônicos,Sudeste,3,1215.03,3645.09,0.09,3317.03
634,2025-07-28,Cliente_52,Headset,Acessórios,Nordeste,4,290.4,1161.6,0.03,1126.75
635,2025-05-22,Cliente_49,Notebook,Periféricos,Sul,4,114.27,457.08,0.07,425.08
636,2025-04-02,Cliente_96,Monitor,Acessórios,Norte,2,479.36,958.72,0.19,776.56
637,2025-06-28,Cliente_55,Cadeira Gamer,Acessórios,Sul,2,2530.04,5060.08,0.06,4756.48
638,2025-10-24,Cliente_62,Cadeira Gamer,Acessórios,Centro-Oeste,3,334.68,1004.04,0.01,994.0
639,2025-07-10,Cliente_62,Notebook,Periféricos,Centro-Oeste,1,1300.59,1300.59,0.14,1118.51
640,2025-06-02,Cliente_92,Teclado,Eletrônicos,Sul,3,3363.93,10091.79,0.28,7266.09
641,2025-06-30,Cliente_60,Monitor,Periféricos,Norte,3,1300.78,3902.34,0.06,3668.2
642,2025-06-07,Cliente_1,Headset,Acessórios,Nordeste,1,1295.84,1295.84,0.19,1049.63
643,2025-11-25,Cliente_66,Monitor,Periféricos,Norte,2,452.57,905.14,0.29,642.65
644,2025-10-22,Cliente_15,Teclado,Acessórios,Norte,4,1144.55,4578.2,0.06,4303.51
645,2025-09-26,Cliente_76,Teclado,Acessórios,Sudeste,3,3045.28,9135.84,0.28,6577.8
646,2025-07-11,Cliente_4,Teclado,Eletrônicos,Sudeste,3,3604.66,10813.98,0.1,9732.58
647,2025-10-11,Cliente_40,Cadeira Gamer,Periféricos,Sudeste,2,1039.92,2079.84,0.22,1622.28
648,2025-07-21,Cliente_13,Mouse,Eletrônicos,Norte,2,4120.81,8241.62,0.03,7994.37
649,2025-06-04,Cliente_7,Mouse,Periféricos,Norte,3,196.13,588.39,0.26,435.41
650,2025-08-16,Cliente_81,Cadeira Gamer,Eletrônicos,Centro-Oeste,1,2345.41,2345.41,0.19,1899.78
651,2025-07-16,Cliente_15,Notebook,Acessórios,Nordeste,4,2308.35,9233.4,0.02,9048.73
652,2025-08-28,Cliente_23,Notebook,Acessórios,Centro-Oeste,3,4420.19,13260.57,0.28,9547.61
653,2025-10-07,Cliente_93,Notebook,Eletrônicos,Sul,4,2630.09,10520.36,0.01,10415.16
654,2025-02-28,Cliente_96,Notebook,Periféricos,Nordeste,4,2372.96,9491.84,0.25,7118.88
655,2025-10-03,Cliente_35,Mouse,Periféricos,Sudeste,4,3253.48,13013.92,0.26,9630.3
656,2025-12-11,Cliente_10,Notebook,Eletrônicos,Nordeste,2,80.34,160.68,0.28,115.69
657,2025-11-13,Cliente_14,Teclado,Acessórios,Sudeste,2,4010.32,8020.64,0.04,7699.81
658,2025-06-22,Cliente_43,Mouse,Periféricos,Norte,1,1036.28,1036.28,0.05,984.47
659,2025-12-27,Cliente_79,Cadeira Gamer,Acessórios,Centro-Oeste,4,4962.67,19850.68,0.27,14491.0
660,2025-11-04,Cliente_38,Monitor,Eletrônicos,Sudeste,4,3952.77,15811.08,0.25,11858.31
661,2025-11-03,Cliente_30,Notebook,Eletrônicos,Norte,3,1405.11,4215.33,0.21,3330.11
662,2025-09-12,Cliente_82,Teclado,Eletrônicos,Sul,1,2379.69,2379.69,0.15,2022.74
663,2025-04-23,Cliente_89,Notebook,Acessórios,Centro-Oeste,3,3082.3,9246.9,0.11,8229.74
664,2025-04-02,Cliente_37,Monitor,Eletrônicos,Centro-Oeste,4,3438.8,13755.2,0.05,13067.44
665,2025-08-06,Cliente_44,Teclado,Acessórios,Norte,2,838.15,1676.3,0.08,1542.2
666,2025-04-19,Cliente_24,Headset,Eletrônicos,Centro-Oeste,1,3440.24,3440.24,0.1,3096.22
667,2025-05-02,Cliente_98,Monitor,Acessórios,Centro-Oeste,2,2211.94,4423.88,0.08,4069.97
668,2025-05-04,Cliente_51,Teclado,Acessórios,Sudeste,3,4138.5,12415.5,0.05,11794.72
669,2025-12-26,Cliente_35,Teclado,Periféricos,Norte,2,3062.73,6125.46,0.28,4410.33
670,2025-03-14,Cliente_21,Teclado,Acessórios,Norte,4,627.29,2509.16,0.27,1831.69
671,2025-07-06,Cliente_6,Mouse,Eletrônicos,Centro-Oeste,3,2361.54,7084.62,0.15,6021.93
672,2025-12-07,Cliente_22,Mouse,Periféricos,Sul,1,2220.69,2220.69,0.21,1754.35
673,2025-08-12,Cliente_30,Monitor,Acessórios,Norte,1,4004.98,4004.98,0.09,3644.53
674,2025-07-14,Cliente_64,Monitor,Acessórios,Nordeste,4,1542.35,6169.4,0.18,5058.91
675,2025-06-23,Cliente_44,Teclado,Eletrônicos,Centro-Oeste,4,2075.7,8302.8,0.2,6642.24
676,2025-03-06,Cliente_35,Monitor,Periféricos,Sudeste,4,2176.35,8705.4,0.23,6703.16
677,2025-12-30,Cliente_29,Headset,Eletrônicos,Norte,4,4031.85,16127.4,0.24,12256.82
678,2025-09-15,Cliente_7,Headset,Periféricos,Sul,2,3956.57,7913.14,0.17,6567.91
679,2025-04-24,Cliente_30,Headset,Eletrônicos,Sul,2,4878.95,9757.9,0.19,7903.9
680,2025-08-05,Cliente_94,Cadeira Gamer,Acessórios,Sudeste,1,2366.24,2366.24,0.29,1680.03
681,2025-11-14,Cliente_73,Cadeira Gamer,Acessórios,Sudeste,3,3808.47,11425.41,0.06,10739.89
682,2025-01-31,Cliente_93,Headset,Periféricos,Centro-Oeste,4,3762.42,15049.68,0.2,12039.74
683,2025-03-31,Cliente_86,Cadeira Gamer,Acessórios,Sul,4,2352.61,9410.44,0.04,9034.02
684,2025-04-21,Cliente_7,Cadeira Gamer,Acessórios,Norte,1,764.03,764.03,0.17,634.14
685,2025-09-08,Cliente_32,Cadeira Gamer,Acessórios,Nordeste,3,3292.99,9878.97,0.2,7903.18
686,2025-10-20,Cliente_53,Teclado,Periféricos,Sudeste,3,3638.18,10914.54,0.09,9932.23
687,2025-03-23,Cliente_48,Teclado,Periféricos,Nordeste,3,3699.79,11099.37,0.1,9989.43
688,2025-01-15,Cliente_74,Mouse,Acessórios,Sudeste,4,515.81,2063.24,0.12,1815.65
689,2025-05-28,Cliente_19,Teclado,Periféricos,Sul,1,320.45,320.45,0.1,288.4
690,2025-03-28,Cliente_55,Teclado,Eletrônicos,Sudeste,1,3930.02,3930.02,0.04,3772.82
691,2025-08-18,Cliente_71,Monitor,Periféricos,Norte,1,3388.92,3388.92,0.27,2473.91
692,2025-10-17,Cliente_83,Cadeira Gamer,Acessórios,Sul,4,398.66,1594.64,0.04,1530.85
693,2025-07-13,Cliente_82,Mouse,Periféricos,Sul,3,1667.99,5003.97,0.26,3702.94
694,2025-07-07,Cliente_98,Cadeira Gamer,Acessórios,Norte,4,2288.77,9155.08,0.03,8880.43
695,2025-09-12,Cliente_83,Cadeira Gamer,Eletrônicos,Norte,2,1369.99,2739.98,0.19,2219.38
696,2025-02-09,Cliente_75,Notebook,Periféricos,Sul,3,239.8,719.4,0.28,517.97
697,2025-11-19,Cliente_4,Monitor,Acessórios,Nordeste,2,559.29,1118.58,0.26,827.75
698,2025-01-04,Cliente_85,Mouse,Acessórios,Sudeste,1,1288.69,1288.69,0.01,1275.8
699,2025-11-05,Cliente_89,Teclado,Eletrônicos,Norte,1,2191.94,2191.94,0.04,2104.26
700,2025-10-31,Cliente_53,Cadeira Gamer,Periféricos,Nordeste,2,2836.09,5672.18,0.16,4764.63
701,2025-03-25,Cliente_88,Cadeira Gamer,Eletrônicos,Centro-Oeste,1,2234.41,2234.41,0.04,2145.03
702,2025-10-31,Cliente_82,Mouse,Eletrônicos,Nordeste,4,4508.38,18033.52,0.16,15148.16
703,2025-03-07,Cliente_68,Notebook,Eletrônicos,Nordeste,2,2167.65,4335.3,0.19,3511.59
704,2025-05-23,Cliente_33,Notebook,Eletrônicos,Centro-Oeste,3,2859.18,8577.54,0.16,7205.13
705,2025-04-08,Cliente_80,Headset,Eletrônicos,Sudeste,1,1230.53,1230.53,0.06,1156.7
706,2025-04-15,Cliente_85,Notebook,Periféricos,Sul,2,1316.28,2632.56,0.06,2474.61
707,2025-01-02,Cliente_52,Cadeira Gamer,Acessórios,Sul,2,611.48,1222.96,0.13,1063.98
708,2025-08-10,Cliente_69,Teclado,Periféricos,Sul,2,358.1,716.2,0.3,501.34
709,2025-01-18,Cliente_92,Teclado,Eletrônicos,Nordeste,4,639.5,2558.0,0.1,2302.2
710,2025-02-28,Cliente_84,Headset,Acessórios,Sudeste,1,3307.42,3307.42,0.15,2811.31
711,2025-03-05,Cliente_55,Mouse,Acessórios,Sudeste,1,3271.83,3271.83,0.1,2944.65
712,2025-01-10,Cliente_9,Mouse,Acessórios,Sul,3,3529.84,10589.52,0.01,10483.62
713,2025-05-27,Cliente_76,Monitor,Acessórios,Sul,3,4330.43,12991.29,0.24,9873.38
714,2025-12-22,Cliente_67,Mouse,Eletrônicos,Norte,1,3631.75,3631.75,0.12,3195.94
715,2025-04-27,Cliente_5,Headset,Acessórios,Norte,4,719.36,2877.44,0.08,2647.24
716,2025-02-22,Cliente_92,Cadeira Gamer,Periféricos,Nordeste,3,1125.6,3376.8,0.02,3309.26
717,2025-12-15,Cliente_85,Notebook,Acessórios,Sudeste,2,4979.27,9958.54,0.15,8464.76
718,2025-08-27,Cliente_88,Monitor,Eletrônicos,Sul,1,1318.47,1318.47,0.04,1265.73
719,2025-09-20,Cliente_29,Monitor,Periféricos,Norte,2,270.33,540.66,0.24,410.9
720,2025-02-26,Cliente_36,Notebook,Acessórios,Centro-Oeste,4,2214.89,8859.56,0.1,7973.6
721,2025-01-28,Cliente_42,Mouse,Periféricos,Nordeste,4,61.83,247.32,0.2,197.86
722,2025-08-30,Cliente_78,Cadeira Gamer,Acessórios,Sul,3,1245.84,3737.52,0.12,3289.02
723,2025-11-15,Cliente_95,Teclado,Eletrônicos,Sudeste,3,3340.68,10022.04,0.26,7416.31
724,2025-11-19,Cliente_61,Monitor,Eletrônicos,Sul,3,1555.19,4665.57,0.04,4478.95
725,2025-04-17,Cliente_68,Notebook,Eletrônicos,Nordeste,1,1928.77,1928.77,0.22,1504.44
726,2025-07-27,Cliente_24,Teclado,Acessórios,Sul,2,2669.99,5339.98,0.15,4538.98
727,2025-02-05,Cliente_29,Headset,Eletrônicos,Sul,1,1768.49,1768.49,0.17,1467.85
728,2025-04-26,Cliente_3,Monitor,Periféricos,Sul,1,4862.88,4862.88,0.09,4425.22
729,2025-10-14,Cliente_27,Headset,Periféricos,Sul,3,3669.5,11008.5,0.12,9687.48
730,2025-07-25,Cliente_43,Mouse,Eletrônicos,Norte,4,665.73,2662.92,0.21,2103.71
731,2025-06-28,Cliente_10,Mouse,Eletrônicos,Norte,4,1012.04,4048.16,0.26,2995.64
732,2025-12-10,Cliente_7,Cadeira Gamer,Periféricos,Nordeste,1,66.31,66.31,0.06,62.33
733,2025-05-30,Cliente_90,Notebook,Eletrônicos,Centro-Oeste,2,678.52,1357.04,0.17,1126.34
734,2025-04-04,Cliente_78,Cadeira Gamer,Periféricos,Sudeste,1,2825.82,2825.82,0.16,2373.69
735,2025-10-12,Cliente_34,Teclado,Eletrônicos,Sul,3,3627.97,10883.91,0.03,10557.39
736,2025-12-09,Cliente_54,Mouse,Eletrônicos,Centro-Oeste,4,3033.63,12134.52,0.12,10678.38
737,2025-01-15,Cliente_88,Monitor,Eletrônicos,Norte,4,1711.49,6845.96,0.27,4997.55
738,2025-02-28,Cliente_90,Notebook,Eletrônicos,Centro-Oeste,1,3602.4,3602.4,0.16,3026.02
739,2025-07-23,Cliente_14,Teclado,Periféricos,Centro-Oeste,3,866.02,2598.06,0.18,2130.41
740,2025-09-12,Cliente_66,Notebook,Acessórios,Norte,2,1910.01,3820.02,0.01,3781.82
741,2025-06-10,Cliente_97,Cadeira Gamer,Eletrônicos,Centro-Oeste,4,2332.42,9329.68,0.05,8863.2
742,2025-05-03,Cliente_75,Mouse,Eletrônicos,Sul,4,3508.64,14034.56,0.19,11367.99
743,2025-08-23,Cliente_20,Mouse,Eletrônicos,Norte,3,3356.28,10068.84,0.24,7652.32
744,2025-10-04,Cliente_45,Monitor,Periféricos,Nordeste,3,4801.63,14404.89,0.18,11812.01
745,2025-06-26,Cliente_44,Notebook,Eletrônicos,Norte,3,618.85,1856.55,0.11,1652.33
746,2025-10-08,Cliente_37,Monitor,Eletrônicos,Sul,3,2554.65,7663.95,0.01,7587.31
747,2025-10-30,Cliente_76,Teclado,Eletrônicos,Sul,3,3515.17,10545.51,0.08,9701.87
748,2025-03-24,Cliente_58,Notebook,Periféricos,Nordeste,2,748.71,1497.42,0.04,1437.52
749,2025-08-20,Cliente_68,Cadeira Gamer,Eletrônicos,Centro-Oeste,3,3284.98,9854.94,0.12,8672.35
750,2025-12-04,Cliente_17,Notebook,Eletrônicos,Centro-Oeste,2,700.29,1400.58,0.3,980.41
751,2025-06-11,Cliente_51,Cadeira Gamer,Eletrônicos,Norte,3,4128.2,12384.6,0.07,11517.68
752,2025-04-15,Cliente_3,Monitor,Eletrônicos,Centro-Oeste,3,289.76,869.28,0.08,799.74
753,2025-05-14,Cliente_16,Monitor,Eletrônicos,Sul,3,2281.58,6844.74,0.0,6844.74
754,2025-12-16,Cliente_93,Monitor,Eletrônicos,Norte,3,3061.22,9183.66,0.04,8816.31
755,2025-03-04,Cliente_65,Teclado,Eletrônicos,Sul,2,4983.78,9967.56,0.29,7076.97
756,2025-02-28,Cliente_93,Mouse,Eletrônicos,Norte,1,2024.59,2024.59,0.06,1903.11
757,2025-11-15,Cliente_92,Monitor,Eletrônicos,Norte,4,1513.95,6055.8,0.15,5147.43
758,2025-03-09,Cliente_27,Headset,Periféricos,Centro-Oeste,3,4726.35,14179.05,0.21,11201.45
759,2025-10-19,Cliente_86,Mouse,Eletrônicos,Nordeste,4,3089.72,12358.88,0.18,10134.28
760,2025-12-18,Cliente_100,Mouse,Acessórios,Norte,3,655.93,1967.79,0.23,1515.2
761,2025-11-07,Cliente_94,Teclado,Periféricos,Norte,4,4704.84,18819.36,0.16,15808.26
762,2025-02-08,Cliente_13,Mouse,Eletrônicos,Sul,3,3209.62,9628.86,0.26,7125.36
763,2025-10-06,Cliente_11,Mouse,Eletrônicos,Sul,3,2984.69,8954.07,0.03,8685.45
764,2025-07-03,Cliente_81,Notebook,Eletrônicos,Centro-Oeste,1,3376.26,3376.26,0.17,2802.3
765,2025-04-23,Cliente_53,Mouse,Periféricos,Sudeste,2,4619.23,9238.46,0.21,7298.38
766,2025-09-08,Cliente_25,Mouse,Periféricos,Centro-Oeste,1,1764.21,1764.21,0.12,1552.5
767,2025-01-12,Cliente_7,Headset,Acessórios,Sudeste,4,4376.29,17505.16,0.14,15054.44
768,2025-07-29,Cliente_46,Notebook,Eletrônicos,Nordeste,1,3004.4,3004.4,0.17,2493.65
769,2025-12-22,Cliente_21,Cadeira Gamer,Acessórios,Sul,2,279.52,559.04,0.18,458.41
770,2025-10-21,Cliente_50,Cadeira Gamer,Periféricos,Sul,1,3062.96,3062.96,0.21,2419.74
771,2025-06-26,Cliente_25,Notebook,Periféricos,Nordeste,2,2706.11,5412.22,0.11,4816.88
772,2025-10-31,Cliente_52,Headset,Eletrônicos,Centro-Oeste,4,1681.18,6724.72,0.14,5783.26
773,2025-05-07,Cliente_2,Teclado,Acessórios,Norte,4,713.31,2853.24,0.2,2282.59
774,2025-08-07,Cliente_65,Notebook,Periféricos,Norte,1,4627.36,4627.36,0.18,3794.44
775,2025-11-15,Cliente_49,Headset,Periféricos,Sul,4,351.92,1407.68,0.3,985.38
776,2025-06-07,Cliente_51,Teclado,Acessórios,Sul,3,2751.03,8253.09,0.17,6850.06
777,2025-09-12,Cliente_40,Teclado,Eletrônicos,Sul,4,2663.05,10652.2,0.19,8628.28
778,2025-07-08,Cliente_42,Cadeira Gamer,Acessórios,Nordeste,4,4848.74,19394.96,0.28,13964.37
779,2025-03-08,Cliente_1,Cadeira Gamer,Periféricos,Centro-Oeste,1,330.08,330.08,0.24,250.86
780,2025-01-27,Cliente_73,Cadeira Gamer,Eletrônicos,Sudeste,2,3921.8,7843.6,0.19,6353.32
781,2025-03-04,Cliente_91,Notebook,Periféricos,Sudeste,2,4230.65,8461.3,0.29,6007.52
782,2025-08-27,Cliente_11,Monitor,Periféricos,Nordeste,4,4196.03,16784.12,0.26,12420.25
783,2025-06-02,Cliente_10,Headset,Eletrônicos,Norte,1,4713.48,4713.48,0.2,3770.78
784,2025-08-27,Cliente_7,Mouse,Acessórios,Nordeste,4,382.69,1530.76,0.03,1484.84
785,2025-09-11,Cliente_96,Teclado,Eletrônicos,Centro-Oeste,4,3673.33,14693.32,0.15,12489.32
786,2025-04-28,Cliente_57,Mouse,Periféricos,Nordeste,4,4428.03,17712.12,0.26,13106.97
787,2025-02-04,Cliente_62,Notebook,Periféricos,Centro-Oeste,4,1290.36,5161.44,0.06,4851.75
788,2025-01-10,Cliente_19,Monitor,Eletrônicos,Sudeste,4,2068.5,8274.0,0.27,6040.02
789,2025-09-03,Cliente_73,Monitor,Eletrônicos,Norte,3,4592.35,13777.05,0.01,13639.28
790,2025-09-05,Cliente_46,Mouse,Periféricos,Nordeste,4,1607.05,6428.2,0.21,5078.28
791,2025-03-30,Cliente_36,Notebook,Periféricos,Centro-Oeste,4,1488.53,5954.12,0.24,4525.13
792,2025-07-31,Cliente_98,Monitor,Eletrônicos,Norte,4,2823.87,11295.48,0.11,10052.98
793,2025-01-22,Cliente_24,Teclado,Periféricos,Centro-Oeste,4,312.06,1248.24,0.03,1210.79
794,2025-10-25,Cliente_66,Mouse,Acessórios,Centro-Oeste,1,4342.42,4342.42,0.14,3734.48
795,2025-11-12,Cliente_40,Cadeira Gamer,Eletrônicos,Sudeste,4,769.36,3077.44,0.27,2246.53
796,2025-08-13,Cliente_49,Monitor,Acessórios,Centro-Oeste,3,2695.79,8087.37,0.05,7683.0
797,2025-11-05,Cliente_41,Headset,Acessórios,Centro-Oeste,1,3525.86,3525.86,0.23,2714.91
798,2025-12-18,Cliente_30,Monitor,Eletrônicos,Norte,4,3102.52,12410.08,0.05,11789.58
799,2025-09-19,Cliente_8,Cadeira Gamer,Eletrônicos,Sudeste,2,2996.84,5993.68,0.18,4914.82
800,2025-09-22,Cliente_7,Notebook,Acessórios,Sul,4,496.79,1987.16,0.01,1967.29
